[{"OPERATEPOINTNAME":"林德气体（上海）有限公司", "OPTNAME":"浦东新区安全生产监察大队", "UNDERTAKER":"朱军,张富华", "REPORTDATE":"2019-05-21 13:09:02", "ISEXISTACCIDENT":"无调查", "OPERATEPOINTID":109074, "INPECTIONPANDECTID":402729},
  {"OPERATEPOINTNAME":"上海普莱克斯仪电实用气体有限公司", "OPTNAME":"浦东新区安全生产监察大队", "UNDERTAKER":"朱军,张富华", "REPORTDATE":"2019-05-21 12:00:30", "ISEXISTACCIDENT":"无调查", "OPERATEPOINTID":118, "INPECTIONPANDECTID":402697},
  {"OPERATEPOINTNAME":"上海天汉环境资源有限公司", "OPTNAME":"浦东新区安全生产监察大队", "UNDERTAKER":"高军,王润", "REPORTDATE":"2019-05-21 10:24:56", "ISEXISTACCIDENT":"无隐患", "OPERATEPOINTID":107395, "INPECTIONPANDECTID":402695},
  {"OPERATEPOINTNAME":"上海国际油漆有限公司", "OPTNAME":"浦东新区安全生产监察大队", "UNDERTAKER":"朱军,张富华", "REPORTDATE":"2019-05-21 08:45:35", "ISEXISTACCIDENT":"无调查", "OPERATEPOINTID":52, "INPECTIONPANDECTID":402633},
  {"OPERATEPOINTNAME":"上海高桥大同净水材料有限公司", "OPTNAME":"浦东新区安全生产监察大队", "UNDERTAKER":"金继良,朱代忠,朱春华", "REPORTDATE":"2019-05-14 15:11:44", "ISEXISTACCIDENT":"有隐患", "OPERATEPOINTID":2916, "INPECTIONPANDECTID":401838},
  {"OPERATEPOINTNAME":"上海上药信谊药厂有限公司制药二厂", "OPTNAME":"浦东新区安全生产监察大队", "UNDERTAKER":"高军,王润", "REPORTDATE":"2019-05-09 14:12:47", "ISEXISTACCIDENT":"有隐患", "OPERATEPOINTID":4795, "INPECTIONPANDECTID":401302}
  ]
  