[{"OPERATEPOINTNAME":"林德气体（上海）有限公司", "OPTNAME":"浦东新区安全生产监察大队", "UNDERTAKER":"朱军,张富华", "REPORTDATE":"2019-05-21 13:09:02", "ISEXISTACCIDENT":"无隐患", "OPERATEPOINTID":109074, "INPECTIONPANDECTID":402729},
    {"OPERATEPOINTNAME":"上海普莱克斯仪电实用气体有限公司", "OPTNAME":"浦东新区安全生产监察大队", "UNDERTAKER":"朱军,张富华", "REPORTDATE":"2019-05-21 12:00:30", "ISEXISTACCIDENT":"无隐患", "OPERATEPOINTID":118, "INPECTIONPANDECTID":402697},
    {"OPERATEPOINTNAME":"上海天汉环境资源有限公司", "OPTNAME":"浦东新区安全生产监察大队", "UNDERTAKER":"高军,王润", "REPORTDATE":"2019-05-21 10:24:56", "ISEXISTACCIDENT":"无隐患", "OPERATEPOINTID":107395, "INPECTIONPANDECTID":402695},
    {"OPERATEPOINTNAME":"上海国际油漆有限公司", "OPTNAME":"浦东新区安全生产监察大队", "UNDERTAKER":"朱军,张富华", "REPORTDATE":"2019-05-21 08:45:35", "ISEXISTACCIDENT":"无隐患", "OPERATEPOINTID":52, "INPECTIONPANDECTID":402633},
    {"OPERATEPOINTNAME":"上海高桥大同净水材料有限公司", "OPTNAME":"浦东新区安全生产监察大队", "UNDERTAKER":"金继良,朱代忠,朱春华", "REPORTDATE":"2019-05-14 15:11:44", "ISEXISTACCIDENT":"有隐患", "OPERATEPOINTID":2916, "INPECTIONPANDECTID":401838},
    {"OPERATEPOINTNAME":"上海上药信谊药厂有限公司制药二厂", "OPTNAME":"浦东新区安全生产监察大队", "UNDERTAKER":"高军,王润", "REPORTDATE":"2019-05-09 14:12:47", "ISEXISTACCIDENT":"有隐患", "OPERATEPOINTID":4795, "INPECTIONPANDECTID":401302},
    {"OPERATEPOINTNAME":"上海庄臣有限公司", "OPTNAME":"浦东新区安全生产监察大队", "UNDERTAKER":"朱军,张富华", "REPORTDATE":"2019-04-30 09:13:45", "ISEXISTACCIDENT":"无隐患", "OPERATEPOINTID":27, "INPECTIONPANDECTID":400356},
    {"OPERATEPOINTNAME":"上海运泽实业有限公司", "OPTNAME":"浦东新区安全生产监察大队", "UNDERTAKER":"朱代忠,金继良", "REPORTDATE":"2019-04-29 15:11:25", "ISEXISTACCIDENT":"无隐患", "OPERATEPOINTID":37, "INPECTIONPANDECTID":400288},
    {"OPERATEPOINTNAME":"上海密尔克卫化工储存有限公司", "OPTNAME":"浦东新区安全生产监察大队", "UNDERTAKER":"朱代忠,金继良", "REPORTDATE":"2019-04-28 13:38:14", "ISEXISTACCIDENT":"无隐患", "OPERATEPOINTID":3625, "INPECTIONPANDECTID":400081},
    {"OPERATEPOINTNAME":"盛联精密气体（上海）有限公司", "OPTNAME":"浦东新区安全生产监察大队", "UNDERTAKER":"张卫国,毛红娟", "REPORTDATE":"2019-04-25 12:11:53", "ISEXISTACCIDENT":"无隐患", "OPERATEPOINTID":12043, "INPECTIONPANDECTID":399247},
    {"OPERATEPOINTNAME":"液化空气（上海浦东新区）有限公司", "OPTNAME":"浦东新区安全生产监察大队", "UNDERTAKER":"张卫国,毛红娟", "REPORTDATE":"2019-04-23 09:28:33", "ISEXISTACCIDENT":"无隐患", "OPERATEPOINTID":48, "INPECTIONPANDECTID":398825},
    {"OPERATEPOINTNAME":"上海凯密特尔化学品有限公司", "OPTNAME":"浦东新区安全生产监察大队", "UNDERTAKER":"季广军,宋红", "REPORTDATE":"2019-04-17 13:51:08", "ISEXISTACCIDENT":"无隐患", "OPERATEPOINTID":13084, "INPECTIONPANDECTID":398050},
    {"OPERATEPOINTNAME":"上海沪康工业气体有限公司", "OPTNAME":"浦东新区安全生产监察大队", "UNDERTAKER":"沈燕芳,季广军,李四华", "REPORTDATE":"2019-04-17 13:13:09", "ISEXISTACCIDENT":"无隐患", "OPERATEPOINTID":13, "INPECTIONPANDECTID":398034},
    {"OPERATEPOINTNAME":"上海天然气管网有限公司", "OPTNAME":"北蔡镇安全生产监察队", "UNDERTAKER":"顾卓君,戴连喜", "REPORTDATE":"2019-04-17 09:49:57", "ISEXISTACCIDENT":"无隐患", "OPERATEPOINTID":116172, "INPECTIONPANDECTID":398013},
    {"OPERATEPOINTNAME":"上海丽珠制药有限公司", "OPTNAME":"浦东新区安全生产监察大队", "UNDERTAKER":"王鹏飞,潘杰,赵诞丽", "REPORTDATE":"2018-12-26 10:38:13", "ISEXISTACCIDENT":"无隐患", "OPERATEPOINTID":128, "INPECTIONPANDECTID":384622},
    {"OPERATEPOINTNAME":"上海拱极化学有限公司", "OPTNAME":"浦东新区安全生产监察大队", "UNDERTAKER":"朱代忠,蒋伟奇", "REPORTDATE":"2018-06-29 11:04:57", "ISEXISTACCIDENT":"无隐患", "OPERATEPOINTID":3455, "INPECTIONPANDECTID":360036},
    {"OPERATEPOINTNAME":"上海欧利生东邦涂料有限公司", "OPTNAME":"浦东新区安全生产监察大队", "UNDERTAKER":"朱代忠,蒋伟奇", "REPORTDATE":"2018-06-29 10:53:23", "ISEXISTACCIDENT":"无隐患", "OPERATEPOINTID":11916, "INPECTIONPANDECTID":360029},
    {"OPERATEPOINTNAME":"上海国际油漆有限公司", "OPTNAME":"浦东新区安全生产监察大队", "UNDERTAKER":"张卫国,陈宇良", "REPORTDATE":"2018-06-27 12:30:59", "ISEXISTACCIDENT":"无隐患", "OPERATEPOINTID":52, "INPECTIONPANDECTID":359547},
    {"OPERATEPOINTNAME":"上海蒙明仓储有限公司", "OPTNAME":"浦东新区安全生产监察大队", "UNDERTAKER":"张卫国,陈宇良", "REPORTDATE":"2018-06-27 11:16:39", "ISEXISTACCIDENT":"无隐患", "OPERATEPOINTID":5137, "INPECTIONPANDECTID":359542},
    {"OPERATEPOINTNAME":"上海征宇反光材料有限公司", "OPTNAME":"浦东新区安全生产监察大队", "UNDERTAKER":"高军,严佳", "REPORTDATE":"2018-06-27 09:31:58", "ISEXISTACCIDENT":"无隐患", "OPERATEPOINTID":28, "INPECTIONPANDECTID":359491},
    {"OPERATEPOINTNAME":"上海浦东伏龙仓储有限公司", "OPTNAME":"浦东新区安全生产监察大队", "UNDERTAKER":"高军,严佳", "REPORTDATE":"2018-06-26 14:42:48", "ISEXISTACCIDENT":"无隐患", "OPERATEPOINTID":131, "INPECTIONPANDECTID":359405},
    {"OPERATEPOINTNAME":"上海浦航石油有限公司", "OPTNAME":"浦东新区安全生产监察大队", "UNDERTAKER":"朱代忠,蒋伟奇", "REPORTDATE":"2018-06-22 13:57:15", "ISEXISTACCIDENT":"无隐患", "OPERATEPOINTID":62, "INPECTIONPANDECTID":358742},
    {"OPERATEPOINTNAME":"上海利旦工业气体有限公司", "OPTNAME":"浦东新区安全生产监察大队", "UNDERTAKER":"高军,严佳", "REPORTDATE":"2018-06-22 10:56:34", "ISEXISTACCIDENT":"无隐患", "OPERATEPOINTID":19, "INPECTIONPANDECTID":358710},
    {"OPERATEPOINTNAME":"上海元邦化工制造有限公司", "OPTNAME":"浦东新区安全生产监察大队", "UNDERTAKER":"高军,严佳", "REPORTDATE":"2018-06-22 10:28:59", "ISEXISTACCIDENT":"无隐患", "OPERATEPOINTID":3602, "INPECTIONPANDECTID":358681},
    {"OPERATEPOINTNAME":"上海维港精细化工有限公司", "OPTNAME":"浦东新区安全生产监察大队", "UNDERTAKER":"高军,严佳", "REPORTDATE":"2018-06-22 10:12:17", "ISEXISTACCIDENT":"无隐患", "OPERATEPOINTID":3532, "INPECTIONPANDECTID":358655},
    {"OPERATEPOINTNAME":"上海铁联化轻仓储有限公司", "OPTNAME":"浦东新区安全生产监察大队", "UNDERTAKER":"季广军,宋红", "REPORTDATE":"2018-06-22 09:21:53", "ISEXISTACCIDENT":"无隐患", "OPERATEPOINTID":38, "INPECTIONPANDECTID":358598},
    {"OPERATEPOINTNAME":"慧瞻材料科技#上海#有限公司", "OPTNAME":"浦东新区安全生产监察大队", "UNDERTAKER":"潘杰,金继良", "REPORTDATE":"2018-06-21 10:04:52", "ISEXISTACCIDENT":"无隐患", "OPERATEPOINTID":3, "INPECTIONPANDECTID":358432},
    {"OPERATEPOINTNAME":"巴斯夫新材料有限公司", "OPTNAME":"浦东新区安全生产监察大队", "UNDERTAKER":"潘杰,金继良", "REPORTDATE":"2018-06-19 14:51:52", "ISEXISTACCIDENT":"无隐患", "OPERATEPOINTID":91, "INPECTIONPANDECTID":358201},
    {"OPERATEPOINTNAME":"上海归鸿实业有限公司", "OPTNAME":"浦东新区安全生产监察大队", "UNDERTAKER":"潘杰,金继良", "REPORTDATE":"2018-06-19 14:44:05", "ISEXISTACCIDENT":"无隐患", "OPERATEPOINTID":103939, "INPECTIONPANDECTID":358192},
    {"OPERATEPOINTNAME":"上海运泽实业有限公司", "OPTNAME":"浦东新区安全生产监察大队", "UNDERTAKER":"张卫国,陈宇良", "REPORTDATE":"2018-06-15 14:57:46", "ISEXISTACCIDENT":"无隐患", "OPERATEPOINTID":37, "INPECTIONPANDECTID":357880},
    {"OPERATEPOINTNAME":"上海创丰特殊树脂有限公司", "OPTNAME":"浦东新区安全生产监察大队", "UNDERTAKER":"毛红娟,李四华", "REPORTDATE":"2018-06-15 13:30:28", "ISEXISTACCIDENT":"无隐患", "OPERATEPOINTID":11157, "INPECTIONPANDECTID":357868},
    {"OPERATEPOINTNAME":"上海天汉环境资源有限公司", "OPTNAME":"浦东新区安全生产监察大队", "UNDERTAKER":"潘杰,金继良", "REPORTDATE":"2018-06-14 12:04:02", "ISEXISTACCIDENT":"无隐患", "OPERATEPOINTID":107395, "INPECTIONPANDECTID":357720},
    {"OPERATEPOINTNAME":"上海鸿盛工业气体有限公司", "OPTNAME":"浦东新区安全生产监察大队", "UNDERTAKER":"张卫国,陈宇良", "REPORTDATE":"2018-06-14 11:36:37", "ISEXISTACCIDENT":"无隐患", "OPERATEPOINTID":12, "INPECTIONPANDECTID":357718},
    {"OPERATEPOINTNAME":"日陆物流（上海）有限公司", "OPTNAME":"浦东新区安全生产监察大队", "UNDERTAKER":"王润,奚汉章", "REPORTDATE":"2018-06-14 10:50:19", "ISEXISTACCIDENT":"无隐患", "OPERATEPOINTID":3388, "INPECTIONPANDECTID":357711},
    {"OPERATEPOINTNAME":"上海东士石油化工有限公司", "OPTNAME":"浦东新区安全生产监察大队", "UNDERTAKER":"王润,奚汉章", "REPORTDATE":"2018-06-14 10:46:28", "ISEXISTACCIDENT":"无隐患", "OPERATEPOINTID":150, "INPECTIONPANDECTID":357708},
    {"OPERATEPOINTNAME":"上海密尔克卫化工储存有限公司", "OPTNAME":"浦东新区安全生产监察大队", "UNDERTAKER":"朱代忠,蒋伟奇", "REPORTDATE":"2018-06-14 10:41:15", "ISEXISTACCIDENT":"无隐患", "OPERATEPOINTID":3625, "INPECTIONPANDECTID":357704},
    {"OPERATEPOINTNAME":"上海踏浪精细化工有限公司", "OPTNAME":"浦东新区安全生产监察大队", "UNDERTAKER":"朱代忠,蒋伟奇", "REPORTDATE":"2018-06-14 10:10:44", "ISEXISTACCIDENT":"无隐患", "OPERATEPOINTID":3627, "INPECTIONPANDECTID":357693},
    {"OPERATEPOINTNAME":"世天威化工物流（上海）有限公司", "OPTNAME":"浦东新区安全生产监察大队", "UNDERTAKER":"高军,严佳", "REPORTDATE":"2018-06-13 11:55:30", "ISEXISTACCIDENT":"无隐患", "OPERATEPOINTID":39, "INPECTIONPANDECTID":357549},
    {"OPERATEPOINTNAME":"上海高桥制氧有限公司", "OPTNAME":"浦东新区安全生产监察大队", "UNDERTAKER":"王润,奚汉章", "REPORTDATE":"2018-06-13 09:22:34", "ISEXISTACCIDENT":"无隐患", "OPERATEPOINTID":16130, "INPECTIONPANDECTID":357513},
    {"OPERATEPOINTNAME":"上海牡丹香精香料有限公司", "OPTNAME":"浦东新区安全生产监察大队", "UNDERTAKER":"王润,奚汉章", "REPORTDATE":"2018-06-12 10:33:44", "ISEXISTACCIDENT":"无隐患", "OPERATEPOINTID":142, "INPECTIONPANDECTID":357349},
    {"OPERATEPOINTNAME":"上海稳富实业有限公司", "OPTNAME":"浦东新区安全生产监察大队", "UNDERTAKER":"毛红娟,李四华", "REPORTDATE":"2018-06-12 09:55:34", "ISEXISTACCIDENT":"无隐患", "OPERATEPOINTID":12485, "INPECTIONPANDECTID":357322},
    {"OPERATEPOINTNAME":"上海凯密特尔化学品有限公司", "OPTNAME":"浦东新区安全生产监察大队", "UNDERTAKER":"季广军,宋红", "REPORTDATE":"2018-06-12 09:49:09", "ISEXISTACCIDENT":"无隐患", "OPERATEPOINTID":13084, "INPECTIONPANDECTID":357317},
    {"OPERATEPOINTNAME":"盛联精密气体（上海）有限公司", "OPTNAME":"浦东新区安全生产监察大队", "UNDERTAKER":"张卫国,陈宇良", "REPORTDATE":"2018-06-11 12:41:19", "ISEXISTACCIDENT":"无隐患", "OPERATEPOINTID":12043, "INPECTIONPANDECTID":357153},
    {"OPERATEPOINTNAME":"巴斯夫高桥特性化学品（上海）有限公司", "OPTNAME":"浦东新区安全生产监察大队", "UNDERTAKER":"毛红娟,李四华", "REPORTDATE":"2018-06-11 10:52:49", "ISEXISTACCIDENT":"无隐患", "OPERATEPOINTID":75, "INPECTIONPANDECTID":357142},
    {"OPERATEPOINTNAME":"上海日陆外联发物流有限公司", "OPTNAME":"浦东新区安全生产监察大队", "UNDERTAKER":"朱代忠,蒋伟奇", "REPORTDATE":"2018-06-11 10:29:29", "ISEXISTACCIDENT":"无隐患", "OPERATEPOINTID":5, "INPECTIONPANDECTID":357131},
    {"OPERATEPOINTNAME":"德之馨（上海）有限公司", "OPTNAME":"浦东新区安全生产监察大队", "UNDERTAKER":"季广军,宋红", "REPORTDATE":"2018-06-11 10:26:38", "ISEXISTACCIDENT":"无隐患", "OPERATEPOINTID":61, "INPECTIONPANDECTID":357127},
    {"OPERATEPOINTNAME":"上海普莱克斯仪电实用气体有限公司", "OPTNAME":"浦东新区安全生产监察大队", "UNDERTAKER":"朱春华,李四华", "REPORTDATE":"2018-06-08 09:53:32", "ISEXISTACCIDENT":"无隐患", "OPERATEPOINTID":118, "INPECTIONPANDECTID":356984},
    {"OPERATEPOINTNAME":"奇华顿日用香精香料（上海）有限公司", "OPTNAME":"浦东新区安全生产监察大队", "UNDERTAKER":"潘杰,金继良", "REPORTDATE":"2018-06-07 11:01:18", "ISEXISTACCIDENT":"无隐患", "OPERATEPOINTID":93, "INPECTIONPANDECTID":356887},
    {"OPERATEPOINTNAME":"液化空气（上海浦东新区）有限公司", "OPTNAME":"浦东新区安全生产监察大队", "UNDERTAKER":"王润,奚汉章", "REPORTDATE":"2018-06-07 10:25:01", "ISEXISTACCIDENT":"无隐患", "OPERATEPOINTID":48, "INPECTIONPANDECTID":356866},
    {"OPERATEPOINTNAME":"上海高纯气体有限公司", "OPTNAME":"浦东新区安全生产监察大队", "UNDERTAKER":"季广军,宋红", "REPORTDATE":"2018-06-07 10:17:27", "ISEXISTACCIDENT":"无隐患", "OPERATEPOINTID":20262, "INPECTIONPANDECTID":356859},
    {"OPERATEPOINTNAME":"普莱克斯（上海）半导体气体有限公司", "OPTNAME":"浦东新区安全生产监察大队", "UNDERTAKER":"王润,奚汉章", "REPORTDATE":"2018-06-07 10:06:40", "ISEXISTACCIDENT":"无隐患", "OPERATEPOINTID":107, "INPECTIONPANDECTID":356852},
    {"OPERATEPOINTNAME":"上海高砂·鉴臣香料有限公司", "OPTNAME":"浦东新区安全生产监察大队", "UNDERTAKER":"张卫国,陈宇良", "REPORTDATE":"2018-06-07 09:45:35", "ISEXISTACCIDENT":"无隐患", "OPERATEPOINTID":119224, "INPECTIONPANDECTID":356835},
    {"OPERATEPOINTNAME":"上海亿升海运仓储有限公司", "OPTNAME":"浦东新区安全生产监察大队", "UNDERTAKER":"季广军,宋红", "REPORTDATE":"2018-06-07 08:16:16", "ISEXISTACCIDENT":"无隐患", "OPERATEPOINTID":64, "INPECTIONPANDECTID":356801},
    {"OPERATEPOINTNAME":"林德气体（上海）有限公司", "OPTNAME":"浦东新区安全生产监察大队", "UNDERTAKER":"潘杰,金继良", "REPORTDATE":"2018-06-06 14:04:18", "ISEXISTACCIDENT":"无隐患", "OPERATEPOINTID":109074, "INPECTIONPANDECTID":356739},
    {"OPERATEPOINTNAME":"比欧西气体(苏州)有限公司上海分公司", "OPTNAME":"浦东新区安全生产监察大队", "UNDERTAKER":"毛红娟,李四华", "REPORTDATE":"2018-06-06 13:06:20", "ISEXISTACCIDENT":"无隐患", "OPERATEPOINTID":10240, "INPECTIONPANDECTID":356724},
    {"OPERATEPOINTNAME":"长谷川香料（上海）有限公司", "OPTNAME":"浦东新区安全生产监察大队", "UNDERTAKER":"王鹏飞,潘燕云", "REPORTDATE":"2018-06-06 12:51:46", "ISEXISTACCIDENT":"无隐患", "OPERATEPOINTID":12977, "INPECTIONPANDECTID":356722},
    {"OPERATEPOINTNAME":"上海舜胜高分子有限公司", "OPTNAME":"浦东新区安全生产监察大队", "UNDERTAKER":"张卫国,陈宇良", "REPORTDATE":"2018-06-06 09:24:19", "ISEXISTACCIDENT":"无隐患", "OPERATEPOINTID":108035, "INPECTIONPANDECTID":356680},
    {"OPERATEPOINTNAME":"上海隆澜实业有限公司", "OPTNAME":"浦东新区安全生产监察大队", "UNDERTAKER":"朱代忠,蒋伟奇", "REPORTDATE":"2018-06-06 09:23:25", "ISEXISTACCIDENT":"无隐患", "OPERATEPOINTID":12488, "INPECTIONPANDECTID":356679},
    {"OPERATEPOINTNAME":"立邦涂料（中国）有限公司", "OPTNAME":"浦东新区安全生产监察大队", "UNDERTAKER":"潘杰,金继良", "REPORTDATE":"2018-06-04 14:11:29", "ISEXISTACCIDENT":"无隐患", "OPERATEPOINTID":21409, "INPECTIONPANDECTID":356388},
    {"OPERATEPOINTNAME":"上海欧利生东邦涂料有限公司", "OPTNAME":"浦东新区安全生产监察大队", "UNDERTAKER":"朱代忠,蒋伟奇", "REPORTDATE":"2018-05-31 10:01:59", "ISEXISTACCIDENT":"无隐患", "OPERATEPOINTID":11916, "INPECTIONPANDECTID":356128},
    {"OPERATEPOINTNAME":"上海迪赛诺化学制药有限公司", "OPTNAME":"浦东新区安全生产监察大队", "UNDERTAKER":"王润,毛红娟", "REPORTDATE":"2018-05-29 12:47:14", "ISEXISTACCIDENT":"无隐患", "OPERATEPOINTID":77, "INPECTIONPANDECTID":355773},
    {"OPERATEPOINTNAME":"上海国际油漆有限公司", "OPTNAME":"浦东新区安全生产监察大队", "UNDERTAKER":"高军,奚汉章", "REPORTDATE":"2018-05-28 15:20:42", "ISEXISTACCIDENT":"无隐患", "OPERATEPOINTID":52, "INPECTIONPANDECTID":355530},
    {"OPERATEPOINTNAME":"上海稳富实业有限公司", "OPTNAME":"浦东新区安全生产监察大队", "UNDERTAKER":"李四华,季广军", "REPORTDATE":"2018-05-22 14:11:13", "ISEXISTACCIDENT":"无隐患", "OPERATEPOINTID":12485, "INPECTIONPANDECTID":354507},
    {"OPERATEPOINTNAME":"上海大宛食品有限公司", "OPTNAME":"浦东新区安全生产监察大队", "UNDERTAKER":"王润,毛红娟", "REPORTDATE":"2018-05-17 15:02:56", "ISEXISTACCIDENT":"无隐患", "OPERATEPOINTID":11647, "INPECTIONPANDECTID":354081},
    {"OPERATEPOINTNAME":"液化空气（上海浦东新区）有限公司", "OPTNAME":"浦东新区安全生产监察大队", "UNDERTAKER":"朱代忠,蒋伟奇", "REPORTDATE":"2018-05-17 13:44:20", "ISEXISTACCIDENT":"无隐患", "OPERATEPOINTID":48, "INPECTIONPANDECTID":354051},
    {"OPERATEPOINTNAME":"卡特彼勒物流（上海）有限公司", "OPTNAME":"浦东新区安全生产监察大队", "UNDERTAKER":"李四华,季广军", "REPORTDATE":"2018-05-16 10:21:26", "ISEXISTACCIDENT":"无隐患", "OPERATEPOINTID":13628, "INPECTIONPANDECTID":353877},
    {"OPERATEPOINTNAME":"上海上药信谊药厂有限公司制药二厂", "OPTNAME":"浦东新区安全生产监察大队", "UNDERTAKER":"王润,毛红娟", "REPORTDATE":"2018-05-10 14:03:20", "ISEXISTACCIDENT":"无隐患", "OPERATEPOINTID":4795, "INPECTIONPANDECTID":353282},
    {"OPERATEPOINTNAME":"立邦涂料（中国）有限公司", "OPTNAME":"浦东新区安全生产监察大队", "UNDERTAKER":"王润,毛红娟", "REPORTDATE":"2018-05-10 13:42:09", "ISEXISTACCIDENT":"无隐患", "OPERATEPOINTID":21409, "INPECTIONPANDECTID":353248},
    {"OPERATEPOINTNAME":"上海舜胜高分子有限公司", "OPTNAME":"浦东新区安全生产监察大队", "UNDERTAKER":"王鹏飞,潘燕云", "REPORTDATE":"2018-05-10 10:53:35", "ISEXISTACCIDENT":"无隐患", "OPERATEPOINTID":108035, "INPECTIONPANDECTID":353209},
    {"OPERATEPOINTNAME":"比欧西气体(苏州)有限公司上海分公司", "OPTNAME":"浦东新区安全生产监察大队", "UNDERTAKER":"李四华,季广军", "REPORTDATE":"2018-05-09 14:05:45", "ISEXISTACCIDENT":"无隐患", "OPERATEPOINTID":10240, "INPECTIONPANDECTID":353088},
    {"OPERATEPOINTNAME":"上海上药新亚药业有限公司", "OPTNAME":"浦东新区安全生产监察大队", "UNDERTAKER":"潘杰,金继良", "REPORTDATE":"2018-05-09 10:13:11", "ISEXISTACCIDENT":"无隐患", "OPERATEPOINTID":32, "INPECTIONPANDECTID":353023},
    {"OPERATEPOINTNAME":"上海亚远化纺有限公司", "OPTNAME":"浦东新区安全生产监察大队", "UNDERTAKER":"王鹏飞,潘燕云", "REPORTDATE":"2018-05-08 09:41:06", "ISEXISTACCIDENT":"无隐患", "OPERATEPOINTID":22250, "INPECTIONPANDECTID":352768},
    {"OPERATEPOINTNAME":"上海鸿盛工业气体有限公司", "OPTNAME":"浦东新区安全生产监察大队", "UNDERTAKER":"潘杰,金继良", "REPORTDATE":"2018-05-03 21:52:04", "ISEXISTACCIDENT":"无隐患", "OPERATEPOINTID":12, "INPECTIONPANDECTID":352210},
    {"OPERATEPOINTNAME":"上海欧利生东邦涂料有限公司", "OPTNAME":"浦东新区安全生产监察大队", "UNDERTAKER":"张卫国,陈宇良", "REPORTDATE":"2018-04-28 08:52:30", "ISEXISTACCIDENT":"无隐患", "OPERATEPOINTID":11916, "INPECTIONPANDECTID":351810},
    {"OPERATEPOINTNAME":"上海天汉环境资源有限公司", "OPTNAME":"浦东新区安全生产监察大队", "UNDERTAKER":"张卫国,陈宇良", "REPORTDATE":"2018-04-26 12:34:03", "ISEXISTACCIDENT":"无隐患", "OPERATEPOINTID":107395, "INPECTIONPANDECTID":351229},
    {"OPERATEPOINTNAME":"液化空气（上海浦东新区）有限公司", "OPTNAME":"浦东新区安全生产监察大队", "UNDERTAKER":"毛红娟,朱春华", "REPORTDATE":"2018-04-25 10:16:03", "ISEXISTACCIDENT":"无隐患", "OPERATEPOINTID":48, "INPECTIONPANDECTID":350948},
    {"OPERATEPOINTNAME":"巴斯夫高桥特性化学品（上海）有限公司", "OPTNAME":"浦东新区安全生产监察大队", "UNDERTAKER":"毛红娟,朱春华", "REPORTDATE":"2018-04-19 12:36:49", "ISEXISTACCIDENT":"无隐患", "OPERATEPOINTID":75, "INPECTIONPANDECTID":350144},
    {"OPERATEPOINTNAME":"上海天地涂料有限公司", "OPTNAME":"浦东新区安全生产监察大队", "UNDERTAKER":"潘杰,金继良", "REPORTDATE":"2018-04-19 08:58:00", "ISEXISTACCIDENT":"无隐患", "OPERATEPOINTID":10663, "INPECTIONPANDECTID":null},
    {"OPERATEPOINTNAME":"长谷川香料（上海）有限公司", "OPTNAME":"浦东新区安全生产监察大队", "UNDERTAKER":"张卫国,陈宇良", "REPORTDATE":"2018-04-18 12:58:33", "ISEXISTACCIDENT":"无隐患", "OPERATEPOINTID":12977, "INPECTIONPANDECTID":349982},
    {"OPERATEPOINTNAME":"上海征宇反光材料有限公司", "OPTNAME":"浦东新区安全生产监察大队", "UNDERTAKER":"李四华,季广军", "REPORTDATE":"2018-04-18 09:19:34", "ISEXISTACCIDENT":"无隐患", "OPERATEPOINTID":28, "INPECTIONPANDECTID":349946},
    {"OPERATEPOINTNAME":"上海高纯气体有限公司", "OPTNAME":"浦东新区安全生产监察大队", "UNDERTAKER":"朱代忠,蒋伟奇", "REPORTDATE":"2018-04-17 14:16:00", "ISEXISTACCIDENT":"无隐患", "OPERATEPOINTID":20262, "INPECTIONPANDECTID":349803},
    {"OPERATEPOINTNAME":"上海普莱克斯仪电实用气体有限公司", "OPTNAME":"浦东新区安全生产监察大队", "UNDERTAKER":"高军,奚汉章", "REPORTDATE":"2018-04-16 14:43:17", "ISEXISTACCIDENT":"无隐患", "OPERATEPOINTID":118, "INPECTIONPANDECTID":349687},
    {"OPERATEPOINTNAME":"盛联精密气体（上海）有限公司", "OPTNAME":"浦东新区安全生产监察大队", "UNDERTAKER":"高军,奚汉章", "REPORTDATE":"2018-04-16 13:46:49", "ISEXISTACCIDENT":"无隐患", "OPERATEPOINTID":12043, "INPECTIONPANDECTID":349668},
    {"OPERATEPOINTNAME":"上海百润投资控股集团股份有限公司", "OPTNAME":"浦东新区安全生产监察大队", "UNDERTAKER":"王鹏飞,潘燕云", "REPORTDATE":"2018-04-16 12:32:30", "ISEXISTACCIDENT":"无隐患", "OPERATEPOINTID":81, "INPECTIONPANDECTID":null},
    {"OPERATEPOINTNAME":"上海国际油漆有限公司", "OPTNAME":"浦东新区安全生产监察大队", "UNDERTAKER":"毛红娟,朱春华", "REPORTDATE":"2018-04-16 10:21:53", "ISEXISTACCIDENT":"无隐患", "OPERATEPOINTID":52, "INPECTIONPANDECTID":349622},
    {"OPERATEPOINTNAME":"林德气体（上海）有限公司", "OPTNAME":"浦东新区安全生产监察大队", "UNDERTAKER":"王鹏飞,潘燕云", "REPORTDATE":"2018-04-16 09:34:55", "ISEXISTACCIDENT":"无隐患", "OPERATEPOINTID":109074, "INPECTIONPANDECTID":349567},
    {"OPERATEPOINTNAME":"上海归鸿实业有限公司", "OPTNAME":"浦东新区安全生产监察大队", "UNDERTAKER":"王鹏飞,潘燕云", "REPORTDATE":"2018-04-12 18:28:03", "ISEXISTACCIDENT":"无隐患", "OPERATEPOINTID":103939, "INPECTIONPANDECTID":349202},
    {"OPERATEPOINTNAME":"上海踏浪精细化工有限公司", "OPTNAME":"浦东新区安全生产监察大队", "UNDERTAKER":"高军,奚汉章", "REPORTDATE":"2018-04-12 11:57:14", "ISEXISTACCIDENT":"无隐患", "OPERATEPOINTID":3627, "INPECTIONPANDECTID":349216},
    {"OPERATEPOINTNAME":"德之馨（上海）有限公司", "OPTNAME":"浦东新区安全生产监察大队", "UNDERTAKER":"李四华,季广军", "REPORTDATE":"2018-04-12 09:43:21", "ISEXISTACCIDENT":"无隐患", "OPERATEPOINTID":61, "INPECTIONPANDECTID":349196},
    {"OPERATEPOINTNAME":"上海南汇兴绿精细化工厂", "OPTNAME":"浦东新区安全生产监察大队", "UNDERTAKER":"张卫国,陈宇良", "REPORTDATE":"2018-04-12 09:33:32", "ISEXISTACCIDENT":"无隐患", "OPERATEPOINTID":51, "INPECTIONPANDECTID":349192},
    {"OPERATEPOINTNAME":"上海维港精细化工有限公司", "OPTNAME":"浦东新区安全生产监察大队", "UNDERTAKER":"潘杰,金继良", "REPORTDATE":"2018-04-11 09:00:34", "ISEXISTACCIDENT":"无隐患", "OPERATEPOINTID":3532, "INPECTIONPANDECTID":349070},
    {"OPERATEPOINTNAME":"上海拱极化学有限公司", "OPTNAME":"浦东新区安全生产监察大队", "UNDERTAKER":"潘杰,金继良", "REPORTDATE":"2018-04-11 08:36:23", "ISEXISTACCIDENT":"无隐患", "OPERATEPOINTID":3455, "INPECTIONPANDECTID":349045},
    {"OPERATEPOINTNAME":"上海利旦工业气体有限公司", "OPTNAME":"浦东新区安全生产监察大队", "UNDERTAKER":"毛红娟,朱春华", "REPORTDATE":"2018-04-10 12:30:54", "ISEXISTACCIDENT":"无隐患", "OPERATEPOINTID":19, "INPECTIONPANDECTID":348896},
    {"OPERATEPOINTNAME":"上海舜胜高分子有限公司", "OPTNAME":"浦东新区安全生产监察大队", "UNDERTAKER":"潘杰,金继良", "REPORTDATE":"2018-04-10 11:12:28", "ISEXISTACCIDENT":"无隐患", "OPERATEPOINTID":108035, "INPECTIONPANDECTID":348893},
    {"OPERATEPOINTNAME":"上海创丰特殊树脂有限公司", "OPTNAME":"浦东新区安全生产监察大队", "UNDERTAKER":"王鹏飞,潘燕云", "REPORTDATE":"2018-04-10 10:39:46", "ISEXISTACCIDENT":"无隐患", "OPERATEPOINTID":11157, "INPECTIONPANDECTID":348885},
    {"OPERATEPOINTNAME":"上海鸿盛工业气体有限公司", "OPTNAME":"浦东新区安全生产监察大队", "UNDERTAKER":"高军,奚汉章", "REPORTDATE":"2018-04-10 09:50:27", "ISEXISTACCIDENT":"无隐患", "OPERATEPOINTID":12, "INPECTIONPANDECTID":348882},
    {"OPERATEPOINTNAME":"上海元邦化工制造有限公司", "OPTNAME":"浦东新区安全生产监察大队", "UNDERTAKER":"毛红娟,朱春华", "REPORTDATE":"2018-04-10 09:26:19", "ISEXISTACCIDENT":"无隐患", "OPERATEPOINTID":3602, "INPECTIONPANDECTID":348835},
    {"OPERATEPOINTNAME":"慧瞻材料科技(上海)有限公司", "OPTNAME":"浦东新区安全生产监察大队", "UNDERTAKER":"李四华,季广军", "REPORTDATE":"2018-04-09 14:32:32", "ISEXISTACCIDENT":"无隐患", "OPERATEPOINTID":3, "INPECTIONPANDECTID":348768},
    {"OPERATEPOINTNAME":"比欧西气体(苏州)有限公司上海分公司", "OPTNAME":"浦东新区安全生产监察大队", "UNDERTAKER":"李四华,季广军", "REPORTDATE":"2018-04-09 13:42:17", "ISEXISTACCIDENT":"无隐患", "OPERATEPOINTID":10240, "INPECTIONPANDECTID":348737},
    {"OPERATEPOINTNAME":"上海牡丹香精香料有限公司", "OPTNAME":"浦东新区安全生产监察大队", "UNDERTAKER":"朱代忠,蒋伟奇", "REPORTDATE":"2018-04-09 10:13:11", "ISEXISTACCIDENT":"无隐患", "OPERATEPOINTID":142, "INPECTIONPANDECTID":348708},
    {"OPERATEPOINTNAME":"奇华顿食用香精香料#上海#有限公司", "OPTNAME":"浦东新区安全生产监察大队", "UNDERTAKER":"潘杰,金继良", "REPORTDATE":"2018-04-09 09:41:05", "ISEXISTACCIDENT":"无隐患", "OPERATEPOINTID":16102, "INPECTIONPANDECTID":348689},
    {"OPERATEPOINTNAME":"普莱克斯（上海）半导体气体有限公司", "OPTNAME":"浦东新区安全生产监察大队", "UNDERTAKER":"朱代忠,蒋伟奇", "REPORTDATE":"2018-04-09 09:37:28", "ISEXISTACCIDENT":"无隐患", "OPERATEPOINTID":107, "INPECTIONPANDECTID":348686},
    {"OPERATEPOINTNAME":"奇华顿日用香精香料（上海）有限公司", "OPTNAME":"浦东新区安全生产监察大队", "UNDERTAKER":"张卫国,陈宇良", "REPORTDATE":"2018-04-09 09:36:05", "ISEXISTACCIDENT":"无隐患", "OPERATEPOINTID":93, "INPECTIONPANDECTID":348684},
    {"OPERATEPOINTNAME":"上海凯密特尔化学品有限公司", "OPTNAME":"浦东新区安全生产监察大队", "UNDERTAKER":"朱代忠,蒋伟奇", "REPORTDATE":"2018-04-08 14:48:56", "ISEXISTACCIDENT":"无隐患", "OPERATEPOINTID":13084, "INPECTIONPANDECTID":348620},
    {"OPERATEPOINTNAME":"盛联精密气体（上海）有限公司", "OPTNAME":"浦东新区安全生产监察大队", "UNDERTAKER":"高军,陈宇良", "REPORTDATE":"2018-03-20 13:23:19", "ISEXISTACCIDENT":"无隐患", "OPERATEPOINTID":12043, "INPECTIONPANDECTID":346202},
    {"OPERATEPOINTNAME":"上海国际油漆有限公司", "OPTNAME":"浦东新区安全生产监察大队", "UNDERTAKER":"季广军,潘杰", "REPORTDATE":"2018-03-13 12:54:37", "ISEXISTACCIDENT":"无隐患", "OPERATEPOINTID":52, "INPECTIONPANDECTID":345309},
    {"OPERATEPOINTNAME":"上海旭东海普药业有限公司", "OPTNAME":"浦东新区安全生产监察大队", "UNDERTAKER":"朱代忠,奚汉章", "REPORTDATE":"2018-03-12 09:47:56", "ISEXISTACCIDENT":"无隐患", "OPERATEPOINTID":12502, "INPECTIONPANDECTID":345103},
    {"OPERATEPOINTNAME":"上海创丰特殊树脂有限公司", "OPTNAME":"浦东新区安全生产监察大队", "UNDERTAKER":"张卫国,蒋伟奇", "REPORTDATE":"2018-03-09 11:42:41", "ISEXISTACCIDENT":"无隐患", "OPERATEPOINTID":11157, "INPECTIONPANDECTID":344994},
    {"OPERATEPOINTNAME":"上海欧利生东邦涂料有限公司", "OPTNAME":"浦东新区安全生产监察大队", "UNDERTAKER":"朱代忠,蒋伟奇", "REPORTDATE":"2018-03-09 09:48:44", "ISEXISTACCIDENT":"无隐患", "OPERATEPOINTID":11916, "INPECTIONPANDECTID":344918},
    {"OPERATEPOINTNAME":"上海天地涂料有限公司", "OPTNAME":"浦东新区安全生产监察大队", "UNDERTAKER":"朱代忠,蒋伟奇", "REPORTDATE":"2018-03-09 09:28:05", "ISEXISTACCIDENT":"无隐患", "OPERATEPOINTID":10663, "INPECTIONPANDECTID":344905},
    {"OPERATEPOINTNAME":"上海浦航石油有限公司", "OPTNAME":"浦东新区安全生产监察大队", "UNDERTAKER":"李四华,季广军", "REPORTDATE":"2018-02-27 09:38:37", "ISEXISTACCIDENT":"无隐患", "OPERATEPOINTID":62, "INPECTIONPANDECTID":343634},
    {"OPERATEPOINTNAME":"卡特彼勒物流（上海）有限公司", "OPTNAME":"浦东新区安全生产监察大队", "UNDERTAKER":"李四华,季广军", "REPORTDATE":"2018-02-24 10:10:48", "ISEXISTACCIDENT":"无隐患", "OPERATEPOINTID":13628, "INPECTIONPANDECTID":343098},
    {"OPERATEPOINTNAME":"上海大宛食品有限公司", "OPTNAME":"浦东新区安全生产监察大队", "UNDERTAKER":"高军,奚汉章", "REPORTDATE":"2018-02-08 14:06:38", "ISEXISTACCIDENT":"无隐患", "OPERATEPOINTID":11647, "INPECTIONPANDECTID":341972},
    {"OPERATEPOINTNAME":"上海稳富实业有限公司", "OPTNAME":"浦东新区安全生产监察大队", "UNDERTAKER":"潘杰,金继良", "REPORTDATE":"2018-02-07 13:59:27", "ISEXISTACCIDENT":"无隐患", "OPERATEPOINTID":12485, "INPECTIONPANDECTID":null},
    {"OPERATEPOINTNAME":"上海铁联化轻仓储有限公司", "OPTNAME":"浦东新区安全生产监察大队", "UNDERTAKER":"李四华,季广军", "REPORTDATE":"2018-02-06 10:43:28", "ISEXISTACCIDENT":"无隐患", "OPERATEPOINTID":38, "INPECTIONPANDECTID":341526},
    {"OPERATEPOINTNAME":"慧瞻材料科技(上海)有限公司", "OPTNAME":"浦东新区安全生产监察大队", "UNDERTAKER":"李四华,季广军", "REPORTDATE":"2018-02-06 10:22:35", "ISEXISTACCIDENT":"无隐患", "OPERATEPOINTID":3, "INPECTIONPANDECTID":341497},
    {"OPERATEPOINTNAME":"上海庄臣有限公司", "OPTNAME":"浦东新区安全生产监察大队", "UNDERTAKER":"王鹏飞,潘燕云", "REPORTDATE":"2018-02-06 10:07:55", "ISEXISTACCIDENT":"无隐患", "OPERATEPOINTID":27, "INPECTIONPANDECTID":341472},
    {"OPERATEPOINTNAME":"上海双基药业有限公司", "OPTNAME":"浦东新区安全生产监察大队", "UNDERTAKER":"朱代忠,蒋伟奇", "REPORTDATE":"2018-02-06 09:05:51", "ISEXISTACCIDENT":"无隐患", "OPERATEPOINTID":11675, "INPECTIONPANDECTID":341400},
    {"OPERATEPOINTNAME":"比欧西气体(苏州)有限公司上海分公司", "OPTNAME":"浦东新区安全生产监察大队", "UNDERTAKER":"张卫国,陈宇良", "REPORTDATE":"2018-02-05 10:51:45", "ISEXISTACCIDENT":"无隐患", "OPERATEPOINTID":10240, "INPECTIONPANDECTID":341209},
    {"OPERATEPOINTNAME":"奇华顿食用香精香料(上海)有限公司", "OPTNAME":"浦东新区安全生产监察大队", "UNDERTAKER":"张卫国,陈宇良", "REPORTDATE":"2018-02-05 10:02:21", "ISEXISTACCIDENT":"无隐患", "OPERATEPOINTID":16102, "INPECTIONPANDECTID":341190},
    {"OPERATEPOINTNAME":"日陆物流（上海）有限公司", "OPTNAME":"浦东新区安全生产监察大队", "UNDERTAKER":"季广军,毛红娟", "REPORTDATE":"2018-01-30 10:13:49", "ISEXISTACCIDENT":"无隐患", "OPERATEPOINTID":3388, "INPECTIONPANDECTID":340562},
    {"OPERATEPOINTNAME":"上海大宛食品有限公司", "OPTNAME":"浦东新区安全生产监察大队", "UNDERTAKER":"朱代忠,王萍", "REPORTDATE":"2018-01-24 14:54:39", "ISEXISTACCIDENT":"无隐患", "OPERATEPOINTID":11647, "INPECTIONPANDECTID":339674},
    {"OPERATEPOINTNAME":"奇华顿食用香精香料(上海)有限公司", "OPTNAME":"浦东新区安全生产监察大队", "UNDERTAKER":"张卫国,陈宇良", "REPORTDATE":"2018-01-22 09:26:18", "ISEXISTACCIDENT":"无隐患", "OPERATEPOINTID":16102, "INPECTIONPANDECTID":339057},
    {"OPERATEPOINTNAME":"上海维港精细化工有限公司", "OPTNAME":"浦东新区安全生产监察大队", "UNDERTAKER":"杨德胜,朱春华", "REPORTDATE":"2018-01-19 09:08:27", "ISEXISTACCIDENT":"无隐患", "OPERATEPOINTID":3532, "INPECTIONPANDECTID":338837},
    {"OPERATEPOINTNAME":"上海归鸿实业有限公司", "OPTNAME":"浦东新区安全生产监察大队", "UNDERTAKER":"杨德胜,王萍", "REPORTDATE":"2018-01-18 10:21:32", "ISEXISTACCIDENT":"无隐患", "OPERATEPOINTID":103939, "INPECTIONPANDECTID":338688},
    {"OPERATEPOINTNAME":"上海拱极化学有限公司", "OPTNAME":"浦东新区安全生产监察大队", "UNDERTAKER":"高军,王萍", "REPORTDATE":"2018-01-18 09:10:24", "ISEXISTACCIDENT":"无隐患", "OPERATEPOINTID":3455, "INPECTIONPANDECTID":338658},
    {"OPERATEPOINTNAME":"德之馨（上海）有限公司", "OPTNAME":"浦东新区安全生产监察大队", "UNDERTAKER":"高军,朱春华", "REPORTDATE":"2017-12-27 09:18:50", "ISEXISTACCIDENT":"无隐患", "OPERATEPOINTID":61, "INPECTIONPANDECTID":336001},
    {"OPERATEPOINTNAME":"上海维港精细化工有限公司", "OPTNAME":"浦东新区安全生产监察大队", "UNDERTAKER":"高军,陈宇良", "REPORTDATE":"2017-12-20 08:34:11", "ISEXISTACCIDENT":"无隐患", "OPERATEPOINTID":3532, "INPECTIONPANDECTID":334853},
    {"OPERATEPOINTNAME":"巴斯夫高桥特性化学品（上海）有限公司", "OPTNAME":"浦东新区安全生产监察大队", "UNDERTAKER":"杨德胜,王萍", "REPORTDATE":"2017-12-19 13:41:24", "ISEXISTACCIDENT":"无隐患", "OPERATEPOINTID":75, "INPECTIONPANDECTID":334758},
    {"OPERATEPOINTNAME":"长谷川香料（上海）有限公司", "OPTNAME":"浦东新区安全生产监察大队", "UNDERTAKER":"朱代忠,王萍", "REPORTDATE":"2017-12-19 10:26:40", "ISEXISTACCIDENT":"无隐患", "OPERATEPOINTID":12977, "INPECTIONPANDECTID":334717},
    {"OPERATEPOINTNAME":"上海元邦化工制造有限公司", "OPTNAME":"浦东新区安全生产监察大队", "UNDERTAKER":"张卫国,朱春华", "REPORTDATE":"2017-12-18 12:24:54", "ISEXISTACCIDENT":"无隐患", "OPERATEPOINTID":3602, "INPECTIONPANDECTID":334444},
    {"OPERATEPOINTNAME":"上海稳富实业有限公司", "OPTNAME":"浦东新区安全生产监察大队", "UNDERTAKER":"张卫国,朱春华", "REPORTDATE":"2017-12-18 12:21:10", "ISEXISTACCIDENT":"无隐患", "OPERATEPOINTID":12485, "INPECTIONPANDECTID":334442},
    {"OPERATEPOINTNAME":"巴斯夫催化剂#上海#有限公司", "OPTNAME":"浦东新区安全生产监察大队", "UNDERTAKER":"高军,陈宇良", "REPORTDATE":"2017-09-28 09:32:02", "ISEXISTACCIDENT":"无隐患", "OPERATEPOINTID":12513, "INPECTIONPANDECTID":322963},
    {"OPERATEPOINTNAME":"巴斯夫新材料有限公司", "OPTNAME":"浦东新区安全生产监察大队", "UNDERTAKER":"张卫国,毛红娟", "REPORTDATE":"2017-09-22 13:12:17", "ISEXISTACCIDENT":"无隐患", "OPERATEPOINTID":91, "INPECTIONPANDECTID":321957},
    {"OPERATEPOINTNAME":"上海国际油漆有限公司", "OPTNAME":"浦东新区安全生产监察大队", "UNDERTAKER":"季广军,朱春华", "REPORTDATE":"2017-09-15 13:36:25", "ISEXISTACCIDENT":"无隐患", "OPERATEPOINTID":52, "INPECTIONPANDECTID":320992},
    {"OPERATEPOINTNAME":"上海征宇反光材料有限公司", "OPTNAME":"浦东新区安全生产监察大队", "UNDERTAKER":"朱代忠,朱春华", "REPORTDATE":"2017-09-07 09:34:51", "ISEXISTACCIDENT":"无隐患", "OPERATEPOINTID":28, "INPECTIONPANDECTID":319883},
    {"OPERATEPOINTNAME":"扬子江药业集团上海海尼药业有限公司", "OPTNAME":"浦东新区安全生产监察大队", "UNDERTAKER":"杨德胜,陈宇良", "REPORTDATE":"2017-09-07 09:16:26", "ISEXISTACCIDENT":"无隐患", "OPERATEPOINTID":11759, "INPECTIONPANDECTID":319876},
    {"OPERATEPOINTNAME":"上海上药信谊药厂有限公司制药总厂", "OPTNAME":"浦东新区安全生产监察大队", "UNDERTAKER":"张卫国,王萍", "REPORTDATE":"2017-09-06 10:36:41", "ISEXISTACCIDENT":"无隐患", "OPERATEPOINTID":12495, "INPECTIONPANDECTID":319766},
    {"OPERATEPOINTNAME":"雅博色彩科技（上海）有限公司", "OPTNAME":"浦东新区安全生产监察大队", "UNDERTAKER":"朱代忠,陈宇良", "REPORTDATE":"2017-08-31 09:18:21", "ISEXISTACCIDENT":"无隐患", "OPERATEPOINTID":11521, "INPECTIONPANDECTID":319091},
    {"OPERATEPOINTNAME":"上海稳富实业有限公司", "OPTNAME":"浦东新区安全生产监察大队", "UNDERTAKER":"张卫国,毛红娟", "REPORTDATE":"2017-08-18 10:44:49", "ISEXISTACCIDENT":"无隐患", "OPERATEPOINTID":12485, "INPECTIONPANDECTID":317005},
    {"OPERATEPOINTNAME":"上海隆澜置业有限公司", "OPTNAME":"浦东新区安全生产监察大队", "UNDERTAKER":"张卫国,毛红娟", "REPORTDATE":"2017-08-18 09:57:35", "ISEXISTACCIDENT":"无隐患", "OPERATEPOINTID":12488, "INPECTIONPANDECTID":316986},
    {"OPERATEPOINTNAME":"上海亿升海运仓储有限公司", "OPTNAME":"浦东新区安全生产监察大队", "UNDERTAKER":"张卫国,毛红娟", "REPORTDATE":"2017-08-16 11:14:52", "ISEXISTACCIDENT":"无隐患", "OPERATEPOINTID":64, "INPECTIONPANDECTID":316697},
    {"OPERATEPOINTNAME":"卡特彼勒物流（上海）有限公司", "OPTNAME":"浦东新区安全生产监察大队", "UNDERTAKER":"杨德胜,王萍", "REPORTDATE":"2017-08-15 14:06:09", "ISEXISTACCIDENT":"无隐患", "OPERATEPOINTID":13628, "INPECTIONPANDECTID":316548},
    {"OPERATEPOINTNAME":"上海沧海工业气体有限公司", "OPTNAME":"浦东新区安全生产监察大队", "UNDERTAKER":"季广军,陈宇良", "REPORTDATE":"2017-08-09 15:48:55", "ISEXISTACCIDENT":"无隐患", "OPERATEPOINTID":42, "INPECTIONPANDECTID":315901},
    {"OPERATEPOINTNAME":"上海现代制药股份有限公司", "OPTNAME":"浦东新区安全生产监察大队", "UNDERTAKER":"高军,毛红娟", "REPORTDATE":"2017-08-08 14:11:30", "ISEXISTACCIDENT":"无隐患", "OPERATEPOINTID":14080, "INPECTIONPANDECTID":315632},
    {"OPERATEPOINTNAME":"西格玛奥德里奇（上海）贸易有限公司", "OPTNAME":"浦东新区安全生产监察大队", "UNDERTAKER":"季广军,朱春华", "REPORTDATE":"2017-08-07 09:51:04", "ISEXISTACCIDENT":"无隐患", "OPERATEPOINTID":67, "INPECTIONPANDECTID":315400},
    {"OPERATEPOINTNAME":"上海东士石油化工有限公司", "OPTNAME":"浦东新区安全生产监察大队", "UNDERTAKER":"季广军,王萍", "REPORTDATE":"2017-08-04 13:50:47", "ISEXISTACCIDENT":"无隐患", "OPERATEPOINTID":150, "INPECTIONPANDECTID":315236},
    {"OPERATEPOINTNAME":"上海归鸿实业有限公司", "OPTNAME":"浦东新区安全生产监察大队", "UNDERTAKER":"杨德胜,朱春华", "REPORTDATE":"2017-08-04 10:59:34", "ISEXISTACCIDENT":"无隐患", "OPERATEPOINTID":103939, "INPECTIONPANDECTID":315226},
    {"OPERATEPOINTNAME":"上海创丰特殊树脂有限公司", "OPTNAME":"浦东新区安全生产监察大队", "UNDERTAKER":"杨德胜,朱春华", "REPORTDATE":"2017-08-04 10:14:52", "ISEXISTACCIDENT":"无隐患", "OPERATEPOINTID":11157, "INPECTIONPANDECTID":315203},
    {"OPERATEPOINTNAME":"上海利旦工业气体有限公司", "OPTNAME":"浦东新区安全生产监察大队", "UNDERTAKER":"张卫国,王萍", "REPORTDATE":"2017-07-24 09:17:25", "ISEXISTACCIDENT":"无隐患", "OPERATEPOINTID":19, "INPECTIONPANDECTID":313310},
    {"OPERATEPOINTNAME":"上海踏浪精细化工有限公司", "OPTNAME":"浦东新区安全生产监察大队", "UNDERTAKER":"季广军,毛红娟", "REPORTDATE":"2017-07-21 09:34:35", "ISEXISTACCIDENT":"无隐患", "OPERATEPOINTID":3627, "INPECTIONPANDECTID":313215},
    {"OPERATEPOINTNAME":"上海庄臣有限公司", "OPTNAME":"浦东新区安全生产监察大队", "UNDERTAKER":"杨德胜,王萍", "REPORTDATE":"2017-07-11 09:37:22", "ISEXISTACCIDENT":"无隐患", "OPERATEPOINTID":27, "INPECTIONPANDECTID":311721},
    {"OPERATEPOINTNAME":"上海旭东海普药业有限公司", "OPTNAME":"浦东新区安全生产监察大队", "UNDERTAKER":"高军,陈宇良", "REPORTDATE":"2017-07-10 14:12:13", "ISEXISTACCIDENT":"无隐患", "OPERATEPOINTID":12502, "INPECTIONPANDECTID":311625},
    {"OPERATEPOINTNAME":"世天威化工物流（上海）有限公司", "OPTNAME":"浦东新区安全生产监察大队", "UNDERTAKER":"张卫国,王萍", "REPORTDATE":"2017-07-06 09:36:07", "ISEXISTACCIDENT":"无隐患", "OPERATEPOINTID":39, "INPECTIONPANDECTID":311245},
    {"OPERATEPOINTNAME":"上海征宇反光材料有限公司", "OPTNAME":"浦东新区安全生产监察大队", "UNDERTAKER":"朱代忠,毛红娟", "REPORTDATE":"2017-07-04 10:09:51", "ISEXISTACCIDENT":"无隐患", "OPERATEPOINTID":28, "INPECTIONPANDECTID":310769},
    {"OPERATEPOINTNAME":"上海创诺制药有限公司", "OPTNAME":"浦东新区安全生产监察大队", "UNDERTAKER":"朱代忠,毛红娟", "REPORTDATE":"2017-06-30 09:01:15", "ISEXISTACCIDENT":"无隐患", "OPERATEPOINTID":44, "INPECTIONPANDECTID":310404},
    {"OPERATEPOINTNAME":"上海高纯气体有限公司", "OPTNAME":"浦东新区安全生产监察大队", "UNDERTAKER":"季广军,朱春华", "REPORTDATE":"2017-06-29 14:48:36", "ISEXISTACCIDENT":"无隐患", "OPERATEPOINTID":20262, "INPECTIONPANDECTID":310331},
    {"OPERATEPOINTNAME":"映瑞光电科技（上海）有限公司", "OPTNAME":"浦东新区安全生产监察大队", "UNDERTAKER":"朱代忠,朱春华", "REPORTDATE":"2017-06-29 14:45:45", "ISEXISTACCIDENT":"无隐患", "OPERATEPOINTID":4903, "INPECTIONPANDECTID":310302},
    {"OPERATEPOINTNAME":"比欧西气体#苏州#有限公司上海分公司", "OPTNAME":"浦东新区安全生产监察大队", "UNDERTAKER":"高军,朱春华", "REPORTDATE":"2017-06-29 13:41:40", "ISEXISTACCIDENT":"无隐患", "OPERATEPOINTID":10240, "INPECTIONPANDECTID":310251},
    {"OPERATEPOINTNAME":"上海浦东伏龙仓储有限公司", "OPTNAME":"浦东新区安全生产监察大队", "UNDERTAKER":"张卫国,陈宇良", "REPORTDATE":"2017-06-29 12:52:53", "ISEXISTACCIDENT":"无隐患", "OPERATEPOINTID":131, "INPECTIONPANDECTID":310242},
    {"OPERATEPOINTNAME":"上海普莱克斯仪电实用气体有限公司", "OPTNAME":"浦东新区安全生产监察大队", "UNDERTAKER":"高军,毛红娟", "REPORTDATE":"2017-05-16 13:58:42", "ISEXISTACCIDENT":"无隐患", "OPERATEPOINTID":118, "INPECTIONPANDECTID":303530},
    {"OPERATEPOINTNAME":"上海周浦冷藏有限公司", "OPTNAME":"浦东新区安全生产监察大队", "UNDERTAKER":"朱代忠,毛红娟", "REPORTDATE":"2017-05-15 14:33:10", "ISEXISTACCIDENT":"无隐患", "OPERATEPOINTID":26719, "INPECTIONPANDECTID":303335},
    {"OPERATEPOINTNAME":"巴斯夫高桥特性化学品（上海）有限公司", "OPTNAME":"浦东新区安全生产监察大队", "UNDERTAKER":"季广军,陈宇良", "REPORTDATE":"2017-05-08 13:30:17", "ISEXISTACCIDENT":"无隐患", "OPERATEPOINTID":75, "INPECTIONPANDECTID":302265},
    {"OPERATEPOINTNAME":"上海双基药业有限公司", "OPTNAME":"浦东新区安全生产监察大队", "UNDERTAKER":"季广军,陈宇良", "REPORTDATE":"2017-05-03 14:26:42", "ISEXISTACCIDENT":"无隐患", "OPERATEPOINTID":11675, "INPECTIONPANDECTID":301803},
    {"OPERATEPOINTNAME":"上海蒙明仓储有限公司", "OPTNAME":"浦东新区安全生产监察大队", "UNDERTAKER":"高军,王润", "REPORTDATE":"2017-04-27 15:04:16", "ISEXISTACCIDENT":"无隐患", "OPERATEPOINTID":5137, "INPECTIONPANDECTID":301222},
    {"OPERATEPOINTNAME":"上海现代制药股份有限公司", "OPTNAME":"浦东新区安全生产监察大队", "UNDERTAKER":"高军,毛红娟", "REPORTDATE":"2017-04-21 14:17:37", "ISEXISTACCIDENT":"无隐患", "OPERATEPOINTID":14080, "INPECTIONPANDECTID":299571},
    {"OPERATEPOINTNAME":"映瑞光电科技（上海）有限公司", "OPTNAME":"浦东新区安全生产监察大队", "UNDERTAKER":"高军,陈宇良", "REPORTDATE":"2017-04-20 12:42:44", "ISEXISTACCIDENT":"无隐患", "OPERATEPOINTID":4903, "INPECTIONPANDECTID":299261},
    {"OPERATEPOINTNAME":"上海稳富实业有限公司", "OPTNAME":"浦东新区安全生产监察大队", "UNDERTAKER":"张卫国,朱春华", "REPORTDATE":"2017-04-20 11:51:23", "ISEXISTACCIDENT":"无隐患", "OPERATEPOINTID":12485, "INPECTIONPANDECTID":299257},
    {"OPERATEPOINTNAME":"上海创诺制药有限公司", "OPTNAME":"浦东新区安全生产监察大队", "UNDERTAKER":"朱代忠,毛红娟", "REPORTDATE":"2017-04-20 10:35:32", "ISEXISTACCIDENT":"无隐患", "OPERATEPOINTID":44, "INPECTIONPANDECTID":299243},
    {"OPERATEPOINTNAME":"上海鸿盛工业气体有限公司", "OPTNAME":"浦东新区安全生产监察大队", "UNDERTAKER":"朱代忠,陈宇良", "REPORTDATE":"2017-04-19 11:33:27", "ISEXISTACCIDENT":"无隐患", "OPERATEPOINTID":12, "INPECTIONPANDECTID":299038},
    {"OPERATEPOINTNAME":"上海上药信谊药厂有限公司制药总厂", "OPTNAME":"浦东新区安全生产监察大队", "UNDERTAKER":"季广军,朱春华", "REPORTDATE":"2017-04-13 10:02:57", "ISEXISTACCIDENT":"无隐患", "OPERATEPOINTID":12495, "INPECTIONPANDECTID":298026}]
    