[{"OPTNAME":"上海稳富实业有限公司", "LEGALPERSON":"于沈冬", "PUBLICCREDIT":"黄灯", "OPTID":12485},
    {"OPTNAME":"上海蒙明仓储有限公司", "LEGALPERSON":"龚礼明", "PUBLICCREDIT":"黄灯", "OPTID":5137},
    {"OPTNAME":"上海浦东伏龙仓储有限公司", "LEGALPERSON":"奚新华", "PUBLICCREDIT":"黄灯", "OPTID":131},
    {"OPTNAME":"上海归鸿实业有限公司", "LEGALPERSON":"朱志文", "PUBLICCREDIT":"黄灯", "OPTID":103939},
    {"OPTNAME":"上海舜胜高分子有限公司", "LEGALPERSON":"施骏青", "PUBLICCREDIT":"黄灯", "OPTID":108035},
    {"OPTNAME":"立邦涂料（中国）有限公司", "LEGALPERSON":"钟中林", "PUBLICCREDIT":"黄灯", "OPTID":21409},
    {"OPTNAME":"上海拱极化学有限公司", "LEGALPERSON":"王正达", "PUBLICCREDIT":"黄灯", "OPTID":3455},
    {"OPTNAME":"上海南汇兴绿精细化工厂", "LEGALPERSON":"周炎昌  ", "PUBLICCREDIT":"黄灯", "OPTID":51},
    {"OPTNAME":"上海元邦化工制造有限公司", "LEGALPERSON":"卢杰", "PUBLICCREDIT":"黄灯", "OPTID":3602},
    {"OPTNAME":"上海高桥制氧有限公司", "LEGALPERSON":"陆金彪", "PUBLICCREDIT":"黄灯", "OPTID":16130},
    {"OPTNAME":"上海踏浪精细化工有限公司", "LEGALPERSON":"徐章龙", "PUBLICCREDIT":"黄灯", "OPTID":3627},
    {"OPTNAME":"上海创丰特殊树脂有限公司", "LEGALPERSON":"黄自然", "PUBLICCREDIT":"黄灯", "OPTID":11157},
    {"OPTNAME":"映瑞光电科技（上海）有限公司", "LEGALPERSON":"李明春", "PUBLICCREDIT":"黄灯", "OPTID":4903},
    {"OPTNAME":"上海上药新亚药业有限公司", "LEGALPERSON":"曾垂宇", "PUBLICCREDIT":"黄灯", "OPTID":32},
    {"OPTNAME":"上海双基药业有限公司", "LEGALPERSON":"陈为钢", "PUBLICCREDIT":"黄灯", "OPTID":11675},
    {"OPTNAME":"巴斯夫催化剂(上海)有限公司", "LEGALPERSON":"TAY JUI SENG", "PUBLICCREDIT":"黄灯", "OPTID":12513}]
    