[{"OPTNAME":"上海日陆外联发物流有限公司", "LEGALPERSON":"林宜煌", "CRELEVEL":"中", "CREDITSCORE":75, "PUBLICCREDIT":"绿灯", "OPTID":5},
{"OPTNAME":"上海上药新亚药业有限公司", "LEGALPERSON":"曾垂宇", "CRELEVEL":"好", "CREDITSCORE":120, "PUBLICCREDIT":"黄灯", "OPTID":32},
{"OPTNAME":"上海创诺制药有限公司", "LEGALPERSON":"安晓霞", "CRELEVEL":"中", "CREDITSCORE":85, "PUBLICCREDIT":"绿灯", "OPTID":44},
{"OPTNAME":"映瑞光电科技（上海）有限公司", "LEGALPERSON":"李明春", "CRELEVEL":"好", "CREDITSCORE":95, "PUBLICCREDIT":"黄灯", "OPTID":4903},
{"OPTNAME":"西格玛奥德里奇（上海）贸易有限公司", "LEGALPERSON":"Steve Vermant", "CRELEVEL":"好", "CREDITSCORE":90, "PUBLICCREDIT":"绿灯", "OPTID":67},
{"OPTNAME":"上海普莱克斯仪电实用气体有限公司", "LEGALPERSON":"陈启华", "CRELEVEL":"好", "CREDITSCORE":90, "PUBLICCREDIT":"绿灯", "OPTID":118},
{"OPTNAME":"上海拱极化学有限公司", "LEGALPERSON":"王正达", "CRELEVEL":"好", "CREDITSCORE":110, "PUBLICCREDIT":"黄灯", "OPTID":3455},
{"OPTNAME":"上海蒙明仓储有限公司", "LEGALPERSON":"龚礼明", "CRELEVEL":"差", "CREDITSCORE":30, "PUBLICCREDIT":"黄灯", "OPTID":5137},
{"OPTNAME":"上海大宛食品有限公司", "LEGALPERSON":"林镇荣", "CRELEVEL":"好", "CREDITSCORE":100, "PUBLICCREDIT":"红灯", "OPTID":11647},
{"OPTNAME":"上海双基药业有限公司", "LEGALPERSON":"陈为钢", "CRELEVEL":"中", "CREDITSCORE":85, "PUBLICCREDIT":"黄灯", "OPTID":11675},
{"OPTNAME":"巴斯夫催化剂(上海)有限公司", "LEGALPERSON":"TAY JUI SENG", "CRELEVEL":"好", "CREDITSCORE":100, "PUBLICCREDIT":"黄灯", "OPTID":12513},
{"OPTNAME":"上海创丰特殊树脂有限公司", "LEGALPERSON":"黄自然", "CRELEVEL":"好", "CREDITSCORE":90, "PUBLICCREDIT":"黄灯", "OPTID":11157},
{"OPTNAME":"盛联精密气体（上海）有限公司", "LEGALPERSON":"唐静洲", "CRELEVEL":"中", "CREDITSCORE":85, "PUBLICCREDIT":"绿灯", "OPTID":12043},
{"OPTNAME":"上海世壮新能源科技有限公司", "LEGALPERSON":"罗端虎", "CRELEVEL":"好", "CREDITSCORE":95, "PUBLICCREDIT":"绿灯", "OPTID":3546},
{"OPTNAME":"普莱克斯（上海）半导体气体有限公司", "LEGALPERSON":"陈启华", "CRELEVEL":"好", "CREDITSCORE":90, "PUBLICCREDIT":"绿灯", "OPTID":107},
{"OPTNAME":"上海浦东伏龙仓储有限公司", "LEGALPERSON":"奚新华", "CRELEVEL":"好", "CREDITSCORE":110, "PUBLICCREDIT":"黄灯", "OPTID":131},
{"OPTNAME":"上海罗氏制药有限公司", "LEGALPERSON":"左敏", "CRELEVEL":"中", "CREDITSCORE":85, "PUBLICCREDIT":"绿灯", "OPTID":2004},
{"OPTNAME":"上海高桥制氧有限公司", "LEGALPERSON":"陆金彪", "CRELEVEL":"好", "CREDITSCORE":95, "PUBLICCREDIT":"黄灯", "OPTID":16130},
{"OPTNAME":"上海稳富实业有限公司", "LEGALPERSON":"于沈冬", "CRELEVEL":"好", "CREDITSCORE":100, "PUBLICCREDIT":"黄灯", "OPTID":12485},
{"OPTNAME":"立邦涂料（中国）有限公司", "LEGALPERSON":"钟中林", "CRELEVEL":"好", "CREDITSCORE":105, "PUBLICCREDIT":"黄灯", "OPTID":21409},
{"OPTNAME":"上海元邦化工制造有限公司", "LEGALPERSON":"卢杰", "CRELEVEL":"好", "CREDITSCORE":95, "PUBLICCREDIT":"黄灯", "OPTID":3602},
{"OPTNAME":"上海踏浪精细化工有限公司", "LEGALPERSON":"徐章龙", "CRELEVEL":"好", "CREDITSCORE":100, "PUBLICCREDIT":"黄灯", "OPTID":3627},
{"OPTNAME":"上海密尔克卫化工储存有限公司", "LEGALPERSON":"江震", "CRELEVEL":"好", "CREDITSCORE":90, "PUBLICCREDIT":"绿灯", "OPTID":3625},
{"OPTNAME":"上海周浦冷藏有限公司", "LEGALPERSON":"张留根", "CRELEVEL":"中", "CREDITSCORE":85, "PUBLICCREDIT":"绿灯", "OPTID":26719},
{"OPTNAME":"上海南汇兴绿精细化工厂", "LEGALPERSON":"周炎昌  ", "CRELEVEL":"好", "CREDITSCORE":100, "PUBLICCREDIT":"黄灯", "OPTID":51},
{"OPTNAME":"德之馨（上海）有限公司", "LEGALPERSON":"MATTHEW WILLTAM ROUSE", "CRELEVEL":"中", "CREDITSCORE":80, "PUBLICCREDIT":"绿灯", "OPTID":61},
{"OPTNAME":"上海庄臣有限公司", "LEGALPERSON":"JAY EDWIN GUELDNER", "CRELEVEL":"好", "CREDITSCORE":90, "PUBLICCREDIT":"绿灯", "OPTID":27},
{"OPTNAME":"上海归鸿实业有限公司", "LEGALPERSON":"朱志文", "CRELEVEL":"好", "CREDITSCORE":90, "PUBLICCREDIT":"黄灯", "OPTID":103939},
{"OPTNAME":"上海舜胜高分子有限公司", "LEGALPERSON":"施骏青", "CRELEVEL":"好", "CREDITSCORE":100, "PUBLICCREDIT":"黄灯", "OPTID":108035},
{"OPTNAME":"上海高砂·鉴臣香料有限公司", "LEGALPERSON":"郑丽", "CRELEVEL":"中", "CREDITSCORE":85, "PUBLICCREDIT":"绿灯", "OPTID":119224}]
