[{"OPTNAME":"上海日陆外联发物流有限公司", "CREDITSCORELEAVEL":"中", "PUBLICCREDIT":"绿灯", "RECEIVABLEPENALTY":-25, "DECISION":"2015-10-10处罚10万元；2018-07-05处罚3万元", "NUMD":0, "STORARDLEVELTYPEID":"无", "CREDITSCORE":75, "OPTID":5},
{"OPTNAME":"上海创诺制药有限公司", "CREDITSCORELEAVEL":"中", "PUBLICCREDIT":"绿灯", "RECEIVABLEPENALTY":-15, "DECISION":"2014-09-24处罚5万元", "NUMD":0, "STORARDLEVELTYPEID":"无", "CREDITSCORE":85, "OPTID":44},
{"OPTNAME":"德之馨（上海）有限公司", "CREDITSCORELEAVEL":"中", "PUBLICCREDIT":"绿灯", "RECEIVABLEPENALTY":-30, "DECISION":"2017-07-25处罚3万元；2015-04-06警告一次；2017-07-25处罚5万元", "NUMD":10, "STORARDLEVELTYPEID":"安全生产标准化达标等级为二级,时间：2018\/12\/26", "CREDITSCORE":80, "OPTID":61},
{"OPTNAME":"上海罗氏制药有限公司", "CREDITSCORELEAVEL":"中", "PUBLICCREDIT":"绿灯", "RECEIVABLEPENALTY":-25, "DECISION":"2015-10-13处罚1万元；2015-10-09处罚10万元", "NUMD":10, "STORARDLEVELTYPEID":"安全生产标准化达标等级为二级,时间：2019\/04\/04", "CREDITSCORE":85, "OPTID":2004},
{"OPTNAME":"上海双基药业有限公司", "CREDITSCORELEAVEL":"中", "PUBLICCREDIT":"黄灯", "RECEIVABLEPENALTY":-30, "DECISION":"2015-04-24处罚5万元；2017-04-18处罚6万元", "NUMD":15, "STORARDLEVELTYPEID":"安全生产标准化达标等级为三级,时间：2016\/11\/16", "CREDITSCORE":85, "OPTID":11675},
{"OPTNAME":"盛联精密气体（上海）有限公司", "CREDITSCORELEAVEL":"中", "PUBLICCREDIT":"绿灯", "RECEIVABLEPENALTY":-30, "DECISION":"2016-05-31处罚30万元；2016-06-01处罚10万元", "NUMD":15, "STORARDLEVELTYPEID":"安全生产标准化达标等级为三级,时间：2017\/01\/01", "CREDITSCORE":85, "OPTID":12043},
{"OPTNAME":"上海周浦冷藏有限公司", "CREDITSCORELEAVEL":"中", "PUBLICCREDIT":"绿灯", "RECEIVABLEPENALTY":-15, "DECISION":"2016-09-29处罚5万元", "NUMD":0, "STORARDLEVELTYPEID":"无", "CREDITSCORE":85, "OPTID":26719},
{"OPTNAME":"上海高砂·鉴臣香料有限公司", "CREDITSCORELEAVEL":"中", "PUBLICCREDIT":"绿灯", "RECEIVABLEPENALTY":-15, "DECISION":"2017-07-21处罚15万元", "NUMD":0, "STORARDLEVELTYPEID":"无", "CREDITSCORE":85, "OPTID":119224}]
