[{
    "check1": "210",
    "check2": "14",
    "check21": "0",
    "check22": "0",
    "check23": "0",
    "check24": "8",
    "check25": "6",
    "check26": "0",
    "check27": "0",
    "check28": "0",
    "check29": "0",
    "check210": "0",
    "check211": "0",
    "check212": "0",
    "check3": "171",
    "check4": "115",
    "check5": "15",
    "check51": "1",
    "check52": "0",
    "check53": "0",
    "check54": "3",
    "check55": "11",
    "check56": "0",
    "check57": "0",
    "check58": "0",
    "check59": "0",
    "check510": "0",
    "check511": "0",
    "check512": "0",
    "check6": "127",
    "check7": "133.33",
    "check8": "100",
    "punish1": "48",
    "punish11": "12",
    "punish12": "7",
    "punish13": "11",
    "punish14": "6",
    "punish15": "0",
    "punish16": "0",
    "punish17": "0",
    "punish18": "0",
    "punish19": "0",
    "punish110": "0",
    "punish111": "0",
    "punish112": "0",
    "punish2": "-100",
    "punish3": "225",
    "punish4": "0",
    "punish5": "18",
    "licence1": "8",
    "licence11": "3",
    "licence12": "1",
    "licence13": "4",
    "licence14": "0",
    "licence15": "0",
    "licence16": "0",
    "licence17": "0",
    "licence18": "0",
    "licence19": "0",
    "licence110": "0",
    "licence111": "0",
    "licence112": "0",
    "licence2": "1",
    "risk1": "80",
    "risk11": "2",
    "risk12": "22",
    "risk13": "33",
    "risk14": "23",
    "hcg1": "32",
    "hcg2": "16",
    "hcg3": "11",
    "hcg4": "0",
    "hcg5": "0",
    "hcg6": "61",
    "sense1": "190",
    "sense11": "4",
    "sense2": "54",
    "sense21": "1",
    "sense3": "100",
    "sense31": "1",
    "risk21": "2",
    "risk22": "55",
    "risk23": "23",
    "risk3": "7",
    "risk4": "13",
    "risk5": "0",
    "risk6": "0",
    "risk7": "0",
    "credit1": "73",
    "credit2": "8",
    "credit3": "1",
    "credit4": "0",
    "credit51": "0",
    "credit51D": "0",
    "credit51U": "0",
    "credit52": "0",
    "credit52D": "0",
    "credit52U": "0",
    "credit53": "0",
    "credit53D": "0",
    "credit53U": "0",
    "credit54": "0",
    "credit54D": "0",
    "credit54U": "0",
    "credit55": "1",
    "credit55D": "1",
    "credit55U": "0",
    "credit56": "1",
    "credit56D": "1",
    "credit56U": "0",
    "credit57": "0",
    "credit57D": "0",
    "credit57U": "0",
    "credit58": "0",
    "credit58D": "0",
    "credit58U": "0",
    "credit59": "0",
    "credit59D": "0",
    "credit59U": "0",
    "credit510": "0",
    "credit510D": "0",
    "credit5U10": "0",
    "credit511": "0",
    "credit511D": "0",
    "credit511U": "0",
    "credit512": "0",
    "credit512D": "0",
    "credit512U": "0",
    "credit6": "0",
    "credit7": "0",
    "credit8": "0",
    "credit12": "65",
    "credit13": "16",
    "credit14": "1",
    "sense4": "3",
    "sense5": "3",
    "sense6": "0",
    "info1": "['气象局','公安消防','市场局']",
    "info11I": "[289,320,210]",
    "info2": "['大数据中心','城运中心']",
    "info21O": "[21205,92586]"
}]