[
    {
        "OPTNAME": "上海稳富实业有限公司",
        "CERTIFICATETYPENAME": "危险化学品经营许可证：仓储经营",
        "REALSTOPDATE": "2019-06-17 00:00:00",
        "BLOCKNAME": "川沙新镇",
        "INDUSTRYTYPENAME": "经营服务",
        "OPTID": 12485
    },
    {
        "OPTNAME": "上海鸿盛工业气体有限公司",
        "CERTIFICATETYPENAME": "危险化学品经营许可证：批发（不带储存设施）",
        "REALSTOPDATE": "2019-06-21 00:00:00",
        "BLOCKNAME": "书院镇",
        "INDUSTRYTYPENAME": "经营服务",
        "OPTID": 12
    },
    {
        "OPTNAME": "上海踏浪精细化工有限公司",
        "CERTIFICATETYPENAME": "危险化学品安全生产许可证",
        "REALSTOPDATE": "2019-05-25 00:00:00",
        "BLOCKNAME": "老港镇",
        "INDUSTRYTYPENAME": "生产加工",
        "OPTID": 3627
    }
]