[
    {
        "OPTNAME": "上海运泽实业有限公司",
        "HIGHESTRISKLEVEL": "B",
        "BLOCKNAME": "老港镇",
        "INDUSTRYTYPENAME": "经营服务",
        "OPERATEPOINTID": 37,
        "ISRISKPIC": 1
    },
    {
        "OPTNAME": "上海鸿盛工业气体有限公司",
        "HIGHESTRISKLEVEL": "B",
        "BLOCKNAME": "书院镇",
        "INDUSTRYTYPENAME": "经营服务",
        "OPERATEPOINTID": 12,
        "ISRISKPIC": 1
    },
    {
        "OPTNAME": "上海归鸿实业有限公司",
        "HIGHESTRISKLEVEL": "B",
        "BLOCKNAME": "老港镇",
        "INDUSTRYTYPENAME": "生产加工",
        "OPERATEPOINTID": 103939,
        "ISRISKPIC": 1
    },
    {
        "OPTNAME": "上海舜胜高分子有限公司",
        "HIGHESTRISKLEVEL": "B",
        "BLOCKNAME": "老港镇",
        "INDUSTRYTYPENAME": "生产加工",
        "OPERATEPOINTID": 108035,
        "ISRISKPIC": 1
    },
    {
        "OPTNAME": "上海元邦化工制造有限公司",
        "HIGHESTRISKLEVEL": "B",
        "BLOCKNAME": "老港镇",
        "INDUSTRYTYPENAME": "生产加工",
        "OPERATEPOINTID": 3602,
        "ISRISKPIC": 1
    },
    {
        "OPTNAME": "上海亚远化纺有限公司",
        "HIGHESTRISKLEVEL": "B",
        "BLOCKNAME": "惠南镇",
        "INDUSTRYTYPENAME": "经营服务",
        "OPERATEPOINTID": 22250,
        "ISRISKPIC": 1
    },
    {
        "OPTNAME": "上海上药信谊药厂有限公司制药二厂",
        "HIGHESTRISKLEVEL": "B",
        "BLOCKNAME": "川沙新镇",
        "INDUSTRYTYPENAME": "生产加工",
        "OPERATEPOINTID": 4795,
        "ISRISKPIC": 1
    },
	{
        "OPTNAME": "奇华顿食用香精香料(上海)有限公司",
        "HIGHESTRISKLEVEL": "B",
        "BLOCKNAME": "川沙新镇",
        "INDUSTRYTYPENAME": "生产加工",
        "OPERATEPOINTID": 16102,
        "ISRISKPIC": 0
    },
    {
        "OPTNAME": "中国石化销售有限公司上海石油储运配送分公司高桥石油站",
        "HIGHESTRISKLEVEL": "B",
        "BLOCKNAME": "高桥镇",
        "INDUSTRYTYPENAME": "经营服务",
        "OPERATEPOINTID": 23710,
        "ISRISKPIC": 0
    },
    {
        "OPTNAME": "德之馨（上海）有限公司",
        "HIGHESTRISKLEVEL": "B",
        "BLOCKNAME": "金桥镇",
        "INDUSTRYTYPENAME": "生产加工",
        "OPERATEPOINTID": 61,
        "ISRISKPIC": 0
    },
    {
        "OPTNAME": "上海庄臣有限公司",
        "HIGHESTRISKLEVEL": "B",
        "BLOCKNAME": "金桥镇",
        "INDUSTRYTYPENAME": "生产加工",
        "OPERATEPOINTID": 27,
        "ISRISKPIC": 0
    },
    {
        "OPTNAME": "巴斯夫高桥特性化学品（上海）有限公司",
        "HIGHESTRISKLEVEL": "B",
        "BLOCKNAME": "高行镇",
        "INDUSTRYTYPENAME": "生产加工",
        "OPERATEPOINTID": 75,
        "ISRISKPIC": 0
    },
    {
        "OPTNAME": "上海振义企业发展有限公司",
        "HIGHESTRISKLEVEL": "B",
        "BLOCKNAME": "高东镇",
        "INDUSTRYTYPENAME": "经营服务",
        "OPERATEPOINTID": 17363,
        "ISRISKPIC": 0
    },
    {
        "OPTNAME": "上海亿升海运仓储有限公司",
        "HIGHESTRISKLEVEL": "B",
        "BLOCKNAME": "高东镇",
        "INDUSTRYTYPENAME": "经营服务",
        "OPERATEPOINTID": 64,
        "ISRISKPIC": 0
    },
    {
        "OPTNAME": "普莱克斯（上海）半导体气体有限公司",
        "HIGHESTRISKLEVEL": "B",
        "BLOCKNAME": "张江镇",
        "INDUSTRYTYPENAME": "生产加工",
        "OPERATEPOINTID": 107,
        "ISRISKPIC": 0
    },
    {
        "OPTNAME": "上海创诺制药有限公司",
        "HIGHESTRISKLEVEL": "B",
        "BLOCKNAME": "宣桥镇",
        "INDUSTRYTYPENAME": "生产加工",
        "OPERATEPOINTID": 44,
        "ISRISKPIC": 0
    },
    {
        "OPTNAME": "上海欧利生东邦涂料有限公司",
        "HIGHESTRISKLEVEL": "B",
        "BLOCKNAME": "祝桥镇",
        "INDUSTRYTYPENAME": "生产加工",
        "OPERATEPOINTID": 11916,
        "ISRISKPIC": 0
    },
    {
        "OPTNAME": "上海密尔克卫化工储存有限公司",
        "HIGHESTRISKLEVEL": "B",
        "BLOCKNAME": "老港镇",
        "INDUSTRYTYPENAME": "经营服务",
        "OPERATEPOINTID": 3625,
        "ISRISKPIC": 0
    },
    {
        "OPTNAME": "上海迪赛诺化学制药有限公司",
        "HIGHESTRISKLEVEL": "B",
        "BLOCKNAME": "老港镇",
        "INDUSTRYTYPENAME": "生产加工",
        "OPERATEPOINTID": 77,
        "ISRISKPIC": 0
    },
    {
        "OPTNAME": "上海利旦工业气体有限公司",
        "HIGHESTRISKLEVEL": "B",
        "BLOCKNAME": "老港镇",
        "INDUSTRYTYPENAME": "经营服务",
        "OPERATEPOINTID": 19,
        "ISRISKPIC": 1
    },
    {
        "OPTNAME": "上海石油天然气有限公司天然气处理厂",
        "HIGHESTRISKLEVEL": "B",
        "BLOCKNAME": "书院镇",
        "INDUSTRYTYPENAME": "生产加工",
        "OPERATEPOINTID": 83,
        "ISRISKPIC": 0
    },
    {
        "OPTNAME": "上海天汉环境资源有限公司",
        "HIGHESTRISKLEVEL": "B",
        "BLOCKNAME": "南汇新城镇",
        "INDUSTRYTYPENAME": "生产加工",
        "OPERATEPOINTID": 107395,
        "ISRISKPIC": 0
    }
]