[{"OPTNAME":"比欧西气体(苏州)有限公司上海分公司", "OPERATYPEID":"高处作业", "RISK":"B", "RISK1":"高风险", "OPTID":10240},
    {"OPTNAME":"映瑞光电科技（上海）有限公司", "OPERATYPEID":"高处作业", "RISK":"B", "RISK1":"高风险", "OPTID":4903},
    {"OPTNAME":"立邦涂料（中国）有限公司", "OPERATYPEID":"高处作业", "RISK":"C", "RISK1":"中风险", "OPTID":21409},
    {"OPTNAME":"上海罗氏制药有限公司", "OPERATYPEID":"高处作业", "RISK":"D", "RISK1":"中风险", "OPTID":2004}]
    