[
    {
        "OPTNAME": "上海振义企业发展有限公司",
        "ALARMTIME": "2019-03-21 08:44:27",
        "ALARMTYPE": "储存超量",
        "OPPTRESPONSIBLEPERSON": "顾钧",
        "ALM1": "2019-03-21 08:44:29",
        "CUROPT": "高军",
        "ALM2": "2019-03-21 08:44:30",
        "ALM3": "2019-03-21 09:30:27",
        "REASON": "仓库调库",
        "ISOK": "已销号"
    },
    {
        "OPTNAME": "上海振义企业发展有限公司",
        "ALARMTIME": "2019-02-13 08:35:03",
        "ALARMTYPE": "储存超量",
        "OPPTRESPONSIBLEPERSON": "顾钧",
        "ALM1": "2019-02-13 08:35:05",
        "CUROPT": "高军",
        "ALM2": "2019-02-13 08:35:06",
        "ALM3": "2019-02-13 08:45:02",
        "REASON": "清罐",
        "ISOK": "已销号"
    },
    {
        "OPTNAME": "上海稳富实业有限公司",
        "ALARMTIME": "2019-03-08 13:13:35",
        "ALARMTYPE": "储存超量",
        "OPPTRESPONSIBLEPERSON": "于沈冬",
        "ALM1": "2019-03-08 13:13:37",
        "CUROPT": "高军",
        "ALM2": "2019-03-08 13:13:38",
        "ALM3": "2019-03-08 13:30:30",
        "REASON": "设备调试",
        "ISOK": "已销号"
    },
    {
        "OPTNAME": "上海东士石油化工有限公司",
        "ALARMTIME": "2019-05-01 10:44:19",
        "ALARMTYPE": "温湿度",
        "OPPTRESPONSIBLEPERSON": "顾志强",
        "ALM1": "2019-05-01 10:44:29",
        "CUROPT": "王鹏飞",
        "ALM2": "2019-05-01 10:44:30",
        "ALM3": "2019-05-01 11:00:19",
        "REASON": "仓库安装镁光灯",
        "ISOK": "已销号"
    },
    {
        "OPTNAME": "上海东士石油化工有限公司",
        "ALARMTIME": "2019-03-07 00:39:07",
        "ALARMTYPE": "温湿度",
        "OPPTRESPONSIBLEPERSON": "顾志强",
        "ALM1": "2019-03-07 00:39:09",
        "CUROPT": "王鹏飞",
        "ALM2": "2019-03-07 00:39:10",
        "ALM3": "2019-03-07 01:30:05",
        "REASON": "设备清洗",
        "ISOK": "已销号"
    },
    {
        "OPTNAME": "上海东士石油化工有限公司",
        "ALARMTIME": "2019-05-12 23:00:35",
        "ALARMTYPE": "温湿度",
        "OPPTRESPONSIBLEPERSON": "顾志强",
        "ALM1": "2019-05-12 23:00:37",
        "CUROPT": "王鹏飞",
        "ALM2": "2019-05-12 23:00:38",
        "ALM3": "2019-05-12 23:55:15",
        "REASON": "误报",
        "ISOK": "已销号"
    }
]