[{
    "OPTID": 13,
    "OPTNAME": "上海沪康工业气体有限公司",
    "OPTNAME1": "上海沪康工业气体有限公司",
    "BUSINESSLICENSENUMBER": "913100006308970783",
    "OPTNUM": "工商营业执照号",
    "SCALE": "小型",
    "REGISTERADDRESS": "中国（上海）自由贸易试验区康桥东路555号",
    "REGISTERTYPENAME": "有限责任公司",
    "OPERATEPOINTADDRESS": "中国（上海）自由贸易试验区康桥东路555号",
    "MON": "3500000人民币(元)",
    "OPERATEPOINTPHONE": "68070480",
    "LONGITUDE": "121.619304",
    "LATITUDE": "31.160018",
    "CREDITSCORE": "好",
    "HIGHESTRISKLEVEL": "A",
    "SENSE1": 0,
    "SENSE2": 0,
    "SENSE3": 0,
    "SENSE4": 0,
    "SENSE5": 0,
    "INRATIO": 100
},
{
    "OPTID": 19,
    "OPTNAME": "上海利旦工业气体有限公司",
    "OPTNAME1": "上海利旦工业气体有限公司",
    "BUSINESSLICENSENUMBER": "91310115759857472C",
    "OPTNUM": "工商营业执照号",
    "SCALE": "微型",
    "REGISTERADDRESS": "上海市浦东新区老港镇建港村12组",
    "REGISTERTYPENAME": "有限责任公司",
    "OPERATEPOINTADDRESS": "老港镇建港村12组",
    "MON": "1000000人民币(元)",
    "OPERATEPOINTPHONE": "58054000",
    "LONGITUDE": "121.84742",
    "LATITUDE": "31.036101",
    "CREDITSCORE": "好",
    "HIGHESTRISKLEVEL": "B",
    "SENSE1": 0,
    "SENSE2": 0,
    "SENSE3": 0,
    "SENSE4": 0,
    "SENSE5": 0,
    "INRATIO": 100
},
{
    "OPTID": 128,
    "OPTNAME": "上海丽珠制药有限公司",
    "OPTNAME1": "上海丽珠制药有限公司",
    "BUSINESSLICENSENUMBER": "913100001338549664",
    "OPTNUM": "工商营业执照号",
    "SCALE": "小型",
    "REGISTERADDRESS": "浦东新区桂桥路1150号",
    "REGISTERTYPENAME": "有限责任公司",
    "OPERATEPOINTADDRESS": "浦东新区桂桥路1150号",
    "MON": "87328900人民币(元)",
    "OPERATEPOINTPHONE": "58998998-1123",
    "LONGITUDE": "121.63356",
    "LATITUDE": "31.251952",
    "CREDITSCORE": "好",
    "HIGHESTRISKLEVEL": "A",
    "SENSE1": 0,
    "SENSE2": 0,
    "SENSE3": 0,
    "SENSE4": 0,
    "SENSE5": 0,
    "INRATIO": 50
},
{
    "OPTID": 150,
    "OPTNAME": "上海东士石油化工有限公司",
    "OPTNAME1": "上海东士石油化工有限公司",
    "BUSINESSLICENSENUMBER": "913101151335094253",
    "OPTNUM": "工商营业执照号",
    "SCALE": "中型",
    "REGISTERADDRESS": "浦东新区曹路镇钦塘东路1号",
    "REGISTERTYPENAME": "有限责任公司",
    "OPERATEPOINTADDRESS": "浦东新区曹路镇钦塘东路1号",
    "MON": "2000000人民币(元)",
    "OPERATEPOINTPHONE": "58631263",
    "LONGITUDE": "121.69051",
    "LATITUDE": "31.313666",
    "CREDITSCORE": "好",
    "HIGHESTRISKLEVEL": "A",
    "SENSE1": 7,
    "SENSE2": 5,
    "SENSE3": 19,
    "SENSE4": 3,
    "SENSE5": 0,
    "INRATIO": 33.33
},
{
    "OPTID": 5,
    "OPTNAME": "上海日陆外联发物流有限公司",
    "OPTNAME1": "上海日陆外联发物流有限公司",
    "BUSINESSLICENSENUMBER": "企合沪浦总字第315864号（浦东）",
    "OPTNUM": "工商营业执照号",
    "SCALE": "小型",
    "REGISTERADDRESS": "上海市外高桥保税区B8-002A地块 ",
    "REGISTERTYPENAME": "中外合资经营企业",
    "OPERATEPOINTADDRESS": "上海市浦东新区外高桥保税区瑞德路260号",
    "MON": "3000000美元",
    "OPERATEPOINTPHONE": "58690688",
    "LONGITUDE": "121.740025",
    "LATITUDE": "31.144152",
    "CREDITSCORE": "中",
    "HIGHESTRISKLEVEL": "C",
    "SENSE1": 0,
    "SENSE2": 0,
    "SENSE3": 0,
    "SENSE4": 0,
    "SENSE5": 0,
    "INRATIO": 100
},
{
    "OPTID": 12,
    "OPTNAME": "上海鸿盛工业气体有限公司",
    "OPTNAME1": "上海鸿盛工业气体有限公司",
    "BUSINESSLICENSENUMBER": "3102252000181341",
    "OPTNUM": "工商营业执照号",
    "SCALE": "小型",
    "REGISTERADDRESS": "浦东新区东海农场滨果公路2723号",
    "REGISTERTYPENAME": "私营企业",
    "OPERATEPOINTADDRESS": "浦东新区东海农场滨果公路2723号",
    "MON": "1000000人民币(元)",
    "OPERATEPOINTPHONE": "021-58291148",
    "LONGITUDE": "121.900246",
    "LATITUDE": "30.995434",
    "CREDITSCORE": "好",
    "HIGHESTRISKLEVEL": "C",
    "SENSE1": 0,
    "SENSE2": 0,
    "SENSE3": 0,
    "SENSE4": 0,
    "SENSE5": 0,
    "INRATIO": 50
},
{
    "OPTID": 32,
    "OPTNAME": "上海上药新亚药业有限公司",
    "OPTNAME1": "上海上药新亚药业有限公司",
    "BUSINESSLICENSENUMBER": "91310115133738906M",
    "OPTNUM": "工商营业执照号",
    "SCALE": "中型",
    "REGISTERADDRESS": "浦东新区川沙路978号",
    "REGISTERTYPENAME": "国有企业",
    "OPERATEPOINTADDRESS": "浦东新区川沙路978号",
    "MON": "1052429132人民币(元)",
    "OPERATEPOINTPHONE": "58563780-182",
    "LONGITUDE": "121.681013",
    "LATITUDE": "31.272819",
    "CREDITSCORE": "好",
    "HIGHESTRISKLEVEL": "B",
    "SENSE1": 0,
    "SENSE2": 0,
    "SENSE3": 0,
    "SENSE4": 0,
    "SENSE5": 0,
    "INRATIO": 50
},
{
    "OPTID": 37,
    "OPTNAME": "上海运泽实业有限公司",
    "OPTNAME1": "上海运泽实业有限公司",
    "BUSINESSLICENSENUMBER": "91310115784768025D",
    "OPTNUM": "工商营业执照号",
    "SCALE": "小型",
    "REGISTERADDRESS": "上海市浦东新区川沙路2060号2幢406室",
    "REGISTERTYPENAME": "私营企业",
    "OPERATEPOINTADDRESS": "浦东新区同发路999号",
    "MON": "1000000人民币(元)",
    "OPERATEPOINTPHONE": "021-58051060",
    "LONGITUDE": "121.84836",
    "LATITUDE": "31.070055",
    "CREDITSCORE": "好",
    "HIGHESTRISKLEVEL": "B",
    "SENSE1": 24,
    "SENSE2": 20,
    "SENSE3": 0,
    "SENSE4": 0,
    "SENSE5": 0,
    "INRATIO": 50
},
{
    "OPTID": 38,
    "OPTNAME": "上海铁联化轻仓储有限公司",
    "OPTNAME1": "上海铁联化轻仓储有限公司",
    "BUSINESSLICENSENUMBER": "91310115751488182Y",
    "OPTNUM": "工商营业执照号",
    "SCALE": "小型",
    "REGISTERADDRESS": "中国（上海）自由贸易试验区希雅路281号",
    "REGISTERTYPENAME": "国有企业",
    "OPERATEPOINTADDRESS": "中国（上海）自由贸易试验区希雅路281号",
    "MON": "12160000人民币(元)",
    "OPERATEPOINTPHONE": "50462159",
    "LONGITUDE": "121.740025",
    "LATITUDE": "31.144152",
    "CREDITSCORE": "好",
    "HIGHESTRISKLEVEL": "A",
    "SENSE1": 0,
    "SENSE2": 0,
    "SENSE3": 0,
    "SENSE4": 0,
    "SENSE5": 0,
    "INRATIO": 66.66
},
{
    "OPTID": 39,
    "OPTNAME": "世天威化工物流（上海）有限公司",
    "OPTNAME1": "世天威化工物流（上海）有限公司",
    "BUSINESSLICENSENUMBER": "91310115787239081w",
    "OPTNUM": "工商营业执照号",
    "SCALE": "小型",
    "REGISTERADDRESS": "浦东新区外高桥保税物流园区街道申亚路253号",
    "REGISTERTYPENAME": "外资企业",
    "OPERATEPOINTADDRESS": "浦东新区外高桥保税物流园区街道申亚路253号",
    "MON": "1000000美元",
    "OPERATEPOINTPHONE": "38751990",
    "LONGITUDE": "121.576773",
    "LATITUDE": "31.370966",
    "CREDITSCORE": "好",
    "HIGHESTRISKLEVEL": "A",
    "SENSE1": 0,
    "SENSE2": 0,
    "SENSE3": 0,
    "SENSE4": 0,
    "SENSE5": 0,
    "INRATIO": 66.66
},
{
    "OPTID": 44,
    "OPTNAME": "上海创诺制药有限公司",
    "OPTNAME1": "上海创诺制药有限公司",
    "BUSINESSLICENSENUMBER": "310000400523629",
    "OPTNUM": "工商营业执照号",
    "SCALE": "小型",
    "REGISTERADDRESS": "浦东新区惠南镇南汇工业园区沪南公路路9125号 号",
    "REGISTERTYPENAME": "其他港、澳、台商投资企业",
    "OPERATEPOINTADDRESS": "浦东新区惠南镇南汇工业园区沪南公路路9125号 ",
    "MON": "7100000美元",
    "OPERATEPOINTPHONE": "68014905",
    "LONGITUDE": "121.716238",
    "LATITUDE": "31.043809",
    "CREDITSCORE": "中",
    "HIGHESTRISKLEVEL": "未评定",
    "SENSE1": 0,
    "SENSE2": 0,
    "SENSE3": 0,
    "SENSE4": 0,
    "SENSE5": 0,
    "INRATIO": 100
},
{
    "OPTID": 4903,
    "OPTNAME": "映瑞光电科技（上海）有限公司",
    "OPTNAME1": "映瑞光电科技（上海）有限公司",
    "BUSINESSLICENSENUMBER": "91310115560133557L",
    "OPTNUM": "工商营业执照号",
    "SCALE": "中型",
    "REGISTERADDRESS": "上海市临港产业区鸿音路1889号",
    "REGISTERTYPENAME": "中外合作经营企业",
    "OPERATEPOINTADDRESS": "浦东新区临港产业区鸿音路1889号",
    "MON": "9523.3100美元",
    "OPERATEPOINTPHONE": "021-60352000",
    "LONGITUDE": "121.820856",
    "LATITUDE": "30.888092",
    "CREDITSCORE": "中",
    "HIGHESTRISKLEVEL": "B",
    "SENSE1": 0,
    "SENSE2": 0,
    "SENSE3": 0,
    "SENSE4": 0,
    "SENSE5": 0,
    "INRATIO": 100
},
{
    "OPTID": 48,
    "OPTNAME": "液化空气（上海浦东新区）有限公司",
    "OPTNAME1": "液化空气（上海浦东新区）有限公司",
    "BUSINESSLICENSENUMBER": "9131011573623212X0",
    "OPTNUM": "工商营业执照号",
    "SCALE": "小型",
    "REGISTERADDRESS": " 浦东新区郭守敬路818号",
    "REGISTERTYPENAME": "中外合资经营企业",
    "OPERATEPOINTADDRESS": " 浦东新区郭守敬路818号",
    "MON": "536.0000美元",
    "OPERATEPOINTPHONE": "021-50805430",
    "LONGITUDE": "121.61172",
    "LATITUDE": "31.217988",
    "CREDITSCORE": "好",
    "HIGHESTRISKLEVEL": "A",
    "SENSE1": 0,
    "SENSE2": 0,
    "SENSE3": 0,
    "SENSE4": 0,
    "SENSE5": 0,
    "INRATIO": 100
},
{
    "OPTID": 52,
    "OPTNAME": "上海国际油漆有限公司",
    "OPTNAME1": "上海国际油漆有限公司",
    "BUSINESSLICENSENUMBER": "企合沪浦总副字第300346号（浦东）",
    "OPTNUM": "工商营业执照号",
    "SCALE": "中型",
    "REGISTERADDRESS": "浦东新区新金桥路1515号",
    "REGISTERTYPENAME": "中外合资经营企业",
    "OPERATEPOINTADDRESS": " 浦东新区新金桥路1515号",
    "MON": "52000000人民币(元)",
    "OPERATEPOINTPHONE": "61006808",
    "LONGITUDE": "121.62485",
    "LATITUDE": "31.261555",
    "CREDITSCORE": "好",
    "HIGHESTRISKLEVEL": "C",
    "SENSE1": 0,
    "SENSE2": 0,
    "SENSE3": 0,
    "SENSE4": 0,
    "SENSE5": 0,
    "INRATIO": 100
},
{
    "OPTID": 67,
    "OPTNAME": "西格玛奥德里奇（上海）贸易有限公司",
    "OPTNAME1": "西格玛奥德里奇（上海）贸易有限公司",
    "BUSINESSLICENSENUMBER": "9131011571786229XM",
    "OPTNUM": "工商营业执照号",
    "SCALE": "中型",
    "REGISTERADDRESS": "上海市浦东新区仁庆路509号10幢",
    "REGISTERTYPENAME": "外资企业",
    "OPERATEPOINTADDRESS": "上海市浦东新区仁庆路509号10幢",
    "MON": "6000000美元",
    "OPERATEPOINTPHONE": "61415566",
    "LONGITUDE": "121.642123",
    "LATITUDE": "31.230223",
    "CREDITSCORE": "好",
    "HIGHESTRISKLEVEL": "B",
    "SENSE1": 0,
    "SENSE2": 0,
    "SENSE3": 0,
    "SENSE4": 0,
    "SENSE5": 0,
    "INRATIO": 100
},
{
    "OPTID": 75,
    "OPTNAME": "巴斯夫高桥特性化学品（上海）有限公司",
    "OPTNAME1": "巴斯夫高桥特性化学品（上海）有限公司",
    "BUSINESSLICENSENUMBER": "913101156072799259",
    "OPTNUM": "工商营业执照号",
    "SCALE": "中型",
    "REGISTERADDRESS": "浦东新区浦东北路1350号",
    "REGISTERTYPENAME": "中外合资经营企业",
    "OPERATEPOINTADDRESS": "浦东新区浦东北路1350号",
    "MON": "74000000美元",
    "OPERATEPOINTPHONE": "38555000",
    "LONGITUDE": "121.582366",
    "LATITUDE": "31.31551",
    "CREDITSCORE": "好",
    "HIGHESTRISKLEVEL": "B",
    "SENSE1": 0,
    "SENSE2": 0,
    "SENSE3": 0,
    "SENSE4": 0,
    "SENSE5": 0,
    "INRATIO": 100
},
{
    "OPTID": 77,
    "OPTNAME": "上海迪赛诺化学制药有限公司",
    "OPTNAME1": "上海迪赛诺化学制药有限公司",
    "BUSINESSLICENSENUMBER": "310225000273829",
    "OPTNUM": "工商营业执照号",
    "SCALE": "中型",
    "REGISTERADDRESS": "浦东新区老港镇良欣路456号2幢338室",
    "REGISTERTYPENAME": "有限责任公司",
    "OPERATEPOINTADDRESS": "浦东新区滨海街道滨海路417号",
    "MON": "500000000人民币(元)",
    "OPERATEPOINTPHONE": "58063300",
    "LONGITUDE": "121.891182",
    "LATITUDE": "31.01974",
    "CREDITSCORE": "好",
    "HIGHESTRISKLEVEL": "C",
    "SENSE1": 0,
    "SENSE2": 0,
    "SENSE3": 0,
    "SENSE4": 0,
    "SENSE5": 0,
    "INRATIO": 100
},
{
    "OPTID": 81,
    "OPTNAME": "上海百润投资控股集团股份有限公司",
    "OPTNAME1": "上海百润投资控股集团股份有限公司",
    "BUSINESSLICENSENUMBER": "91310000632005686K",
    "OPTNUM": "工商营业执照号",
    "SCALE": "中型",
    "REGISTERADDRESS": "浦东新区康桥街道康桥东路558号",
    "REGISTERTYPENAME": "股份合作企业",
    "OPERATEPOINTADDRESS": " 浦东新区康桥街道康桥东路558号",
    "MON": "896000000人民币(元)",
    "OPERATEPOINTPHONE": "58135000-6342",
    "LONGITUDE": "121.618513",
    "LATITUDE": "31.159384",
    "CREDITSCORE": "好",
    "HIGHESTRISKLEVEL": "B",
    "SENSE1": 0,
    "SENSE2": 0,
    "SENSE3": 0,
    "SENSE4": 0,
    "SENSE5": 0,
    "INRATIO": 100
},
{
    "OPTID": 91,
    "OPTNAME": "巴斯夫新材料有限公司",
    "OPTNAME1": "巴斯夫新材料有限公司",
    "BUSINESSLICENSENUMBER": "310115400019047(浦东）",
    "OPTNUM": "工商营业执照号",
    "SCALE": "大型",
    "REGISTERADDRESS": "浦东区高桥街道居委会（村）江心沙路300号",
    "REGISTERTYPENAME": "外资企业",
    "OPERATEPOINTADDRESS": "浦东区高桥街道居委会（村）江心沙路300号",
    "MON": "1416000000人民币(元)",
    "OPERATEPOINTPHONE": "20392723",
    "LONGITUDE": "121.545237",
    "LATITUDE": "31.350986",
    "CREDITSCORE": "好",
    "HIGHESTRISKLEVEL": "D",
    "SENSE1": 0,
    "SENSE2": 0,
    "SENSE3": 0,
    "SENSE4": 0,
    "SENSE5": 0,
    "INRATIO": 100
},
{
    "OPTID": 93,
    "OPTNAME": "奇华顿日用香精香料（上海）有限公司",
    "OPTNAME1": "奇华顿日用香精香料（上海）有限公司",
    "BUSINESSLICENSENUMBER": "91310115607332095E",
    "OPTNUM": "工商营业执照号",
    "SCALE": "小型",
    "REGISTERADDRESS": "浦东新区张江街道高科技园区李时珍路298号",
    "REGISTERTYPENAME": "外资企业",
    "OPERATEPOINTADDRESS": "浦东新区张江街道高科技园区李时珍路298号",
    "MON": "775.0000美元",
    "OPERATEPOINTPHONE": "28931288",
    "LONGITUDE": "121.60014",
    "LATITUDE": "31.218694",
    "CREDITSCORE": "好",
    "HIGHESTRISKLEVEL": "A",
    "SENSE1": 0,
    "SENSE2": 0,
    "SENSE3": 0,
    "SENSE4": 0,
    "SENSE5": 0,
    "INRATIO": 100
},
{
    "OPTID": 118,
    "OPTNAME": "上海普莱克斯仪电实用气体有限公司",
    "OPTNAME1": "上海普莱克斯仪电实用气体有限公司",
    "BUSINESSLICENSENUMBER": "913100006073496394",
    "OPTNUM": "工商营业执照号",
    "SCALE": "小型",
    "REGISTERADDRESS": "金豫路855号",
    "REGISTERTYPENAME": "外商投资股份有限公司",
    "OPERATEPOINTADDRESS": "金豫路855号",
    "MON": "9050000美元",
    "OPERATEPOINTPHONE": "50311010",
    "LONGITUDE": "121.627948",
    "LATITUDE": "31.24969",
    "CREDITSCORE": "好",
    "HIGHESTRISKLEVEL": "A",
    "SENSE1": 0,
    "SENSE2": 0,
    "SENSE3": 0,
    "SENSE4": 0,
    "SENSE5": 0,
    "INRATIO": 100
},
{
    "OPTID": 2916,
    "OPTNAME": "上海高桥大同净水材料有限公司",
    "OPTNAME1": "上海高桥大同净水材料有限公司",
    "BUSINESSLICENSENUMBER": "91310115133560124C",
    "OPTNUM": "工商营业执照号",
    "SCALE": "小型",
    "REGISTERADDRESS": "上海浦东新区大同路1355号2-16幢",
    "REGISTERTYPENAME": "有限责任公司",
    "OPERATEPOINTADDRESS": "上海浦东新区高桥镇大同路1355号",
    "MON": "10000000人民币(元)",
    "OPERATEPOINTPHONE": "021-58676077",
    "LONGITUDE": "121.574143",
    "LATITUDE": "31.336408",
    "CREDITSCORE": "好",
    "HIGHESTRISKLEVEL": "B",
    "SENSE1": 0,
    "SENSE2": 0,
    "SENSE3": 0,
    "SENSE4": 0,
    "SENSE5": 0,
    "INRATIO": 66.66
},
{
    "OPTID": 3455,
    "OPTNAME": "上海拱极化学有限公司",
    "OPTNAME1": "上海拱极化学有限公司",
    "BUSINESSLICENSENUMBER": "91310115797056414C",
    "OPTNUM": "工商营业执照号",
    "SCALE": "微型",
    "REGISTERADDRESS": "老港镇拱极东路418号",
    "REGISTERTYPENAME": "私营企业",
    "OPERATEPOINTADDRESS": "新区老港镇拱极东路418号",
    "MON": "3090000人民币(元)",
    "OPERATEPOINTPHONE": "68296302",
    "LONGITUDE": "121.849881",
    "LATITUDE": "31.06169",
    "CREDITSCORE": "好",
    "HIGHESTRISKLEVEL": "B",
    "SENSE1": 0,
    "SENSE2": 0,
    "SENSE3": 0,
    "SENSE4": 0,
    "SENSE5": 0,
    "INRATIO": 100
},
{
    "OPTID": 5137,
    "OPTNAME": "上海蒙明仓储有限公司",
    "OPTNAME1": "上海蒙明仓储有限公司",
    "BUSINESSLICENSENUMBER": "310115400198837",
    "OPTNUM": "工商营业执照号",
    "SCALE": "中型",
    "REGISTERADDRESS": "上海市浦东新区港城路2336号",
    "REGISTERTYPENAME": "中外合资经营企业",
    "OPERATEPOINTADDRESS": "上海市浦东新区港城路2336号",
    "MON": "35000000人民币(元)",
    "OPERATEPOINTPHONE": "51978112",
    "LONGITUDE": "121.548765",
    "LATITUDE": "31.36054",
    "CREDITSCORE": "差",
    "HIGHESTRISKLEVEL": "A",
    "SENSE1": 8,
    "SENSE2": 6,
    "SENSE3": 0,
    "SENSE4": 0,
    "SENSE5": 0,
    "INRATIO": 50
},
{
    "OPTID": 10663,
    "OPTNAME": "上海天地涂料有限公司",
    "OPTNAME1": "上海天地涂料有限公司",
    "BUSINESSLICENSENUMBER": "310225000521186",
    "OPTNUM": "工商营业执照号",
    "SCALE": "中型",
    "REGISTERADDRESS": "浦东新区祝桥镇盐朝公路65号",
    "REGISTERTYPENAME": "有限责任公司",
    "OPERATEPOINTADDRESS": "浦东新区祝桥镇紫明路168号",
    "MON": "5000000人民币(元)",
    "OPERATEPOINTPHONE": "58098866-8003",
    "LONGITUDE": "121.766873",
    "LATITUDE": "31.108567",
    "CREDITSCORE": "好",
    "HIGHESTRISKLEVEL": "C",
    "SENSE1": 0,
    "SENSE2": 0,
    "SENSE3": 0,
    "SENSE4": 0,
    "SENSE5": 0,
    "INRATIO": 100
},
{
    "OPTID": 16102,
    "OPTNAME": "奇华顿食用香精香料(上海)有限公司",
    "OPTNAME1": "奇华顿食用香精香料(上海)有限公司",
    "BUSINESSLICENSENUMBER": "9131011575844844XU",
    "OPTNUM": "工商营业执照号",
    "SCALE": "小型",
    "REGISTERADDRESS": "金桥开发区(南区)敬业路668号",
    "REGISTERTYPENAME": "外商投资股份有限公司",
    "OPERATEPOINTADDRESS": "金桥开发区(南区)敬业路668号",
    "MON": "10720000美元",
    "OPERATEPOINTPHONE": "28937965",
    "LONGITUDE": "121.705776",
    "LATITUDE": "31.211204",
    "CREDITSCORE": "好",
    "HIGHESTRISKLEVEL": "A",
    "SENSE1": 0,
    "SENSE2": 0,
    "SENSE3": 0,
    "SENSE4": 0,
    "SENSE5": 0,
    "INRATIO": 66.66
},
{
    "OPTID": 14080,
    "OPTNAME": "上海现代制药股份有限公司",
    "OPTNAME1": "上海现代制药股份有限公司",
    "BUSINESSLICENSENUMBER": "91310000630459924R",
    "OPTNUM": "工商营业执照号",
    "SCALE": "中型",
    "REGISTERADDRESS": "高东建陆路378号",
    "REGISTERTYPENAME": "国有企业",
    "OPERATEPOINTADDRESS": "高东建陆路378号",
    "MON": "1056226870人民币(元)",
    "OPERATEPOINTPHONE": "58481448",
    "LONGITUDE": "121.617093",
    "LATITUDE": "31.336922",
    "CREDITSCORE": "好",
    "HIGHESTRISKLEVEL": "B",
    "SENSE1": 0,
    "SENSE2": 0,
    "SENSE3": 0,
    "SENSE4": 0,
    "SENSE5": 0,
    "INRATIO": 50
},
{
    "OPTID": 9647,
    "OPTNAME": "上海光和气体工业气体有限公司大团分公司",
    "OPTNAME1": "上海光和气体工业气体有限公司大团分公司",
    "BUSINESSLICENSENUMBER": "310115001527789",
    "OPTNUM": "工商营业执照号",
    "SCALE": "微型",
    "REGISTERADDRESS": "浦东新区南团公路36弄7号",
    "REGISTERTYPENAME": "有限责任公司",
    "OPERATEPOINTADDRESS": "大团镇川南奉公路7868号",
    "MON": "500000人民币(元)",
    "OPERATEPOINTPHONE": "58085759",
    "LONGITUDE": "121.769861",
    "LATITUDE": "30.964975",
    "CREDITSCORE": "好",
    "HIGHESTRISKLEVEL": "C",
    "SENSE1": 0,
    "SENSE2": 0,
    "SENSE3": 0,
    "SENSE4": 0,
    "SENSE5": 0,
    "INRATIO": 100
},
{
    "OPTID": 11647,
    "OPTNAME": "上海大宛食品有限公司",
    "OPTNAME1": "上海大宛食品有限公司",
    "BUSINESSLICENSENUMBER": "31022000523606",
    "OPTNUM": "工商营业执照号",
    "SCALE": "中型",
    "REGISTERADDRESS": "园顺路88号",
    "REGISTERTYPENAME": "有限责任公司",
    "OPERATEPOINTADDRESS": "园顺路88号",
    "MON": "50000000人民币(元)",
    "OPERATEPOINTPHONE": "60975259",
    "LONGITUDE": "121.727337",
    "LATITUDE": "31.028384",
    "CREDITSCORE": "好",
    "HIGHESTRISKLEVEL": "B",
    "SENSE1": 0,
    "SENSE2": 0,
    "SENSE3": 0,
    "SENSE4": 0,
    "SENSE5": 0,
    "INRATIO": 100
},
{
    "OPTID": 11675,
    "OPTNAME": "上海双基药业有限公司",
    "OPTNAME1": "上海双基药业有限公司",
    "BUSINESSLICENSENUMBER": "913101156308983889",
    "OPTNUM": "工商营业执照号",
    "SCALE": "小型",
    "REGISTERADDRESS": "中国（上海）自由贸易试验区康桥东路585号",
    "REGISTERTYPENAME": "有限责任公司",
    "OPERATEPOINTADDRESS": "上海市浦东新区康桥东路585号",
    "MON": "45000000人民币(元)",
    "OPERATEPOINTPHONE": "58133588",
    "LONGITUDE": "121.621206",
    "LATITUDE": "31.160366",
    "CREDITSCORE": "中",
    "HIGHESTRISKLEVEL": "A",
    "SENSE1": 0,
    "SENSE2": 0,
    "SENSE3": 0,
    "SENSE4": 0,
    "SENSE5": 0,
    "INRATIO": 75
},
{
    "OPTID": 11916,
    "OPTNAME": "上海欧利生东邦涂料有限公司",
    "OPTNAME1": "上海欧利生东邦涂料有限公司",
    "BUSINESSLICENSENUMBER": "310000400231821",
    "OPTNUM": "工商营业执照号",
    "SCALE": "小型",
    "REGISTERADDRESS": "祝桥镇金闻路57号",
    "REGISTERTYPENAME": "有限责任公司",
    "OPERATEPOINTADDRESS": "祝桥镇金闻路57号",
    "MON": "6020000美元",
    "OPERATEPOINTPHONE": "58104170-107",
    "LONGITUDE": "121.783217",
    "LATITUDE": "31.112961",
    "CREDITSCORE": "好",
    "HIGHESTRISKLEVEL": "A",
    "SENSE1": 0,
    "SENSE2": 0,
    "SENSE3": 0,
    "SENSE4": 0,
    "SENSE5": 0,
    "INRATIO": 100
},
{
    "OPTID": 12502,
    "OPTNAME": "上海旭东海普药业有限公司",
    "OPTNAME1": "上海旭东海普药业有限公司",
    "BUSINESSLICENSENUMBER": "91310115607203592Y",
    "OPTNUM": "工商营业执照号",
    "SCALE": "中型",
    "REGISTERADDRESS": "浦东新区金沪路879号",
    "REGISTERTYPENAME": "国有企业",
    "OPERATEPOINTADDRESS": "浦东新区金沪路879号",
    "MON": "9478623美元",
    "OPERATEPOINTPHONE": "58547700-247",
    "LONGITUDE": "121.610104",
    "LATITUDE": "31.252246",
    "CREDITSCORE": "好",
    "HIGHESTRISKLEVEL": "B",
    "SENSE1": 0,
    "SENSE2": 0,
    "SENSE3": 0,
    "SENSE4": 0,
    "SENSE5": 0,
    "INRATIO": 100
},
{
    "OPTID": 10240,
    "OPTNAME": "比欧西气体(苏州)有限公司上海分公司",
    "OPTNAME1": "比欧西气体(苏州)有限公司上海分公司",
    "BUSINESSLICENSENUMBER": "310115500071852",
    "OPTNUM": "工商营业执照号",
    "SCALE": "微型",
    "REGISTERADDRESS": "上海市浦东新区东高工业区高东路118号D区",
    "REGISTERTYPENAME": "其他外商投资企业",
    "OPERATEPOINTADDRESS": "上海市浦东新区东高工业区高东路118号D区",
    "MON": "2000000人民币(元)",
    "OPERATEPOINTPHONE": "61076865",
    "LONGITUDE": "121.62864",
    "LATITUDE": "31.344985",
    "CREDITSCORE": "好",
    "HIGHESTRISKLEVEL": "C",
    "SENSE1": 0,
    "SENSE2": 0,
    "SENSE3": 0,
    "SENSE4": 0,
    "SENSE5": 0,
    "INRATIO": 66.66
},
{
    "OPTID": 13084,
    "OPTNAME": "上海凯密特尔化学品有限公司",
    "OPTNAME1": "上海凯密特尔化学品有限公司",
    "BUSINESSLICENSENUMBER": "91310115607328467U",
    "OPTNUM": "工商营业执照号",
    "SCALE": "小型",
    "REGISTERADDRESS": "上海市浦东新区康桥工业区康安路628号",
    "REGISTERTYPENAME": "外商投资股份有限公司",
    "OPERATEPOINTADDRESS": "上海市浦东新区康桥工业区康安路628号",
    "MON": "3300000美元",
    "OPERATEPOINTPHONE": "58120929",
    "LONGITUDE": "121.56406",
    "LATITUDE": "31.1541",
    "CREDITSCORE": "好",
    "HIGHESTRISKLEVEL": "A",
    "SENSE1": 0,
    "SENSE2": 0,
    "SENSE3": 0,
    "SENSE4": 0,
    "SENSE5": 0,
    "INRATIO": 100
},
{
    "OPTID": 12977,
    "OPTNAME": "长谷川香料（上海）有限公司",
    "OPTNAME1": "长谷川香料（上海）有限公司",
    "BUSINESSLICENSENUMBER": "41000002201609140017",
    "OPTNUM": "工商营业执照号",
    "SCALE": "小型",
    "REGISTERADDRESS": "新金桥路2365号",
    "REGISTERTYPENAME": "外商投资股份有限公司",
    "OPERATEPOINTADDRESS": "新金桥路2365号",
    "MON": "16000000美元",
    "OPERATEPOINTPHONE": "58997000-272",
    "LONGITUDE": "121.640559",
    "LATITUDE": "31.266508",
    "CREDITSCORE": "好",
    "HIGHESTRISKLEVEL": "B",
    "SENSE1": 0,
    "SENSE2": 0,
    "SENSE3": 0,
    "SENSE4": 0,
    "SENSE5": 0,
    "INRATIO": 100
},
{
    "OPTID": 12495,
    "OPTNAME": "上海上药信谊药厂有限公司制药总厂",
    "OPTNAME1": "上海上药信谊药厂有限公司制药总厂",
    "BUSINESSLICENSENUMBER": "91310000694249651T",
    "OPTNUM": "工商营业执照号",
    "SCALE": "中型",
    "REGISTERADDRESS": "浦东新区新金桥路905号",
    "REGISTERTYPENAME": "国有企业",
    "OPERATEPOINTADDRESS": "浦东新区新金桥路905号",
    "MON": "326000000人民币(元)",
    "OPERATEPOINTPHONE": "58995818",
    "LONGITUDE": "121.61309",
    "LATITUDE": "31.257354",
    "CREDITSCORE": "好",
    "HIGHESTRISKLEVEL": "C",
    "SENSE1": 0,
    "SENSE2": 0,
    "SENSE3": 0,
    "SENSE4": 0,
    "SENSE5": 0,
    "INRATIO": 100
},
{
    "OPTID": 12513,
    "OPTNAME": "巴斯夫催化剂(上海)有限公司",
    "OPTNAME1": "巴斯夫催化剂(上海)有限公司",
    "BUSINESSLICENSENUMBER": "913101157030034787",
    "OPTNUM": "工商营业执照号",
    "SCALE": "中型",
    "REGISTERADDRESS": "浦东新区金桥出口加工区鲁桥路199号",
    "REGISTERTYPENAME": "外商投资股份有限公司",
    "OPERATEPOINTADDRESS": "浦东新区金桥出口加工区鲁桥路199号",
    "MON": "42080000美元",
    "OPERATEPOINTPHONE": "61091756",
    "LONGITUDE": "121.637502",
    "LATITUDE": "31.262334",
    "CREDITSCORE": "好",
    "HIGHESTRISKLEVEL": "A",
    "SENSE1": 0,
    "SENSE2": 0,
    "SENSE3": 0,
    "SENSE4": 0,
    "SENSE5": 0,
    "INRATIO": 100
},
{
    "OPTID": 11759,
    "OPTNAME": "扬子江药业集团上海海尼药业有限公司",
    "OPTNAME1": "扬子江药业集团上海海尼药业有限公司",
    "BUSINESSLICENSENUMBER": "91310115132179436W",
    "OPTNUM": "工商营业执照号",
    "SCALE": "中型",
    "REGISTERADDRESS": "沪南路3999号",
    "REGISTERTYPENAME": "有限责任公司",
    "OPERATEPOINTADDRESS": "沪南路3999号",
    "MON": "110000人民币(元)",
    "OPERATEPOINTPHONE": "68128999",
    "LONGITUDE": "121.584581",
    "LATITUDE": "31.104396",
    "CREDITSCORE": "好",
    "HIGHESTRISKLEVEL": "B",
    "SENSE1": 0,
    "SENSE2": 0,
    "SENSE3": 0,
    "SENSE4": 0,
    "SENSE5": 0,
    "INRATIO": 100
},
{
    "OPTID": 11157,
    "OPTNAME": "上海创丰特殊树脂有限公司",
    "OPTNAME1": "上海创丰特殊树脂有限公司",
    "BUSINESSLICENSENUMBER": "310225000507107",
    "OPTNUM": "工商营业执照号",
    "SCALE": "小型",
    "REGISTERADDRESS": "浦东新区老港工业园区良通路155号",
    "REGISTERTYPENAME": "有限责任公司",
    "OPERATEPOINTADDRESS": "浦东新区老港工业园区良通路155号",
    "MON": "5000000人民币(元)",
    "OPERATEPOINTPHONE": "58096240",
    "LONGITUDE": "121.846171",
    "LATITUDE": "31.062586",
    "CREDITSCORE": "中",
    "HIGHESTRISKLEVEL": "A",
    "SENSE1": 0,
    "SENSE2": 0,
    "SENSE3": 0,
    "SENSE4": 0,
    "SENSE5": 0,
    "INRATIO": 100
},
{
    "OPTID": 11521,
    "OPTNAME": "雅博色彩科技（上海）有限公司",
    "OPTNAME1": "雅博色彩科技（上海）有限公司",
    "BUSINESSLICENSENUMBER": "310000400141962",
    "OPTNUM": "工商营业执照号",
    "SCALE": "小型",
    "REGISTERADDRESS": " 南汇工业园区汇成路699号",
    "REGISTERTYPENAME": "外商投资股份有限公司",
    "OPERATEPOINTADDRESS": "汇成路699号",
    "MON": "357500000美元",
    "OPERATEPOINTPHONE": "68016428",
    "LONGITUDE": "121.727038",
    "LATITUDE": "31.039797",
    "CREDITSCORE": "好",
    "HIGHESTRISKLEVEL": "C",
    "SENSE1": 0,
    "SENSE2": 0,
    "SENSE3": 0,
    "SENSE4": 0,
    "SENSE5": 0,
    "INRATIO": 100
},
{
    "OPTID": 19963,
    "OPTNAME": "液化空气（上海）国际贸易有限公司",
    "OPTNAME1": "液化空气（上海）国际贸易有限公司",
    "BUSINESSLICENSENUMBER": "310115400062752（浦东）",
    "OPTNUM": "工商营业执照号",
    "SCALE": "小型",
    "REGISTERADDRESS": "外高桥保税区D4-014A地块",
    "REGISTERTYPENAME": "外资企业",
    "OPERATEPOINTADDRESS": "外高桥保税区富特东一路58号",
    "MON": "700000美元",
    "OPERATEPOINTPHONE": "021-58681355",
    "LONGITUDE": "121.600659",
    "LATITUDE": "31.354797",
    "CREDITSCORE": "好",
    "HIGHESTRISKLEVEL": "未评定",
    "SENSE1": 0,
    "SENSE2": 0,
    "SENSE3": 0,
    "SENSE4": 0,
    "SENSE5": 0,
    "INRATIO": 100
},
{
    "OPTID": 12043,
    "OPTNAME": "盛联精密气体（上海）有限公司",
    "OPTNAME1": "盛联精密气体（上海）有限公司",
    "BUSINESSLICENSENUMBER": "913101157362171814",
    "OPTNUM": "工商营业执照号",
    "SCALE": "小型",
    "REGISTERADDRESS": "张江园区李时珍路766号",
    "REGISTERTYPENAME": "外资企业",
    "OPERATEPOINTADDRESS": "张江园区李时珍路766号",
    "MON": "19000000美元",
    "OPERATEPOINTPHONE": "50805662",
    "LONGITUDE": "121.609091",
    "LATITUDE": "31.221591",
    "CREDITSCORE": "中",
    "HIGHESTRISKLEVEL": "A",
    "SENSE1": 0,
    "SENSE2": 0,
    "SENSE3": 0,
    "SENSE4": 0,
    "SENSE5": 0,
    "INRATIO": 100
},
{
    "OPTID": 119224,
    "OPTNAME": "上海高砂·鉴臣香料有限公司",
    "OPTNAME1": "上海高砂·鉴臣香料有限公司",
    "BUSINESSLICENSENUMBER": "310000400036203",
    "OPTNUM": "工商营业执照号",
    "SCALE": "中型",
    "REGISTERADDRESS": "康桥工业区康意路456号",
    "REGISTERTYPENAME": "有限责任公司",
    "OPERATEPOINTADDRESS": "康桥工业区康意路456号",
    "MON": "500000人民币(元)",
    "OPERATEPOINTPHONE": "58129917",
    "LONGITUDE": "121.559907",
    "LATITUDE": "31.154053",
    "CREDITSCORE": "好",
    "HIGHESTRISKLEVEL": "C",
    "SENSE1": 0,
    "SENSE2": 0,
    "SENSE3": 0,
    "SENSE4": 0,
    "SENSE5": 0,
    "INRATIO": 100
},
{
    "OPTID": 20261,
    "OPTNAME": "上海高桥制氧有限公司",
    "OPTNAME1": "上海高桥制氧有限公司",
    "BUSINESSLICENSENUMBER": "3101151007438",
    "OPTNUM": "工商营业执照号",
    "SCALE": "小型",
    "REGISTERADDRESS": "浦东新区浦东北路4158号",
    "REGISTERTYPENAME": "股份合作企业",
    "OPERATEPOINTADDRESS": "浦东新区浦东北路4158号",
    "MON": "5000000人民币(元)",
    "OPERATEPOINTPHONE": "021-58671364",
    "LONGITUDE": "121.572398",
    "LATITUDE": "31.347031",
    "CREDITSCORE": "好",
    "HIGHESTRISKLEVEL": "A",
    "SENSE1": 0,
    "SENSE2": 0,
    "SENSE3": 0,
    "SENSE4": 0,
    "SENSE5": 0,
    "INRATIO": 50
},
{
    "OPTID": 3546,
    "OPTNAME": "上海世壮新能源科技有限公司",
    "OPTNAME1": "上海世壮新能源科技有限公司",
    "BUSINESSLICENSENUMBER": "310115001190892",
    "OPTNUM": "工商营业执照号",
    "SCALE": "小型",
    "REGISTERADDRESS": "浦东新区老港镇工业园区同发路999号",
    "REGISTERTYPENAME": "有限责任公司",
    "OPERATEPOINTADDRESS": "浦东新区老港镇工业园区同创路999号",
    "MON": "1000000人民币(元)",
    "OPERATEPOINTPHONE": "021-68296929",
    "LONGITUDE": "121.850164",
    "LATITUDE": "31.064436",
    "CREDITSCORE": "好",
    "HIGHESTRISKLEVEL": "A",
    "SENSE1": 0,
    "SENSE2": 0,
    "SENSE3": 0,
    "SENSE4": 0,
    "SENSE5": 0,
    "INRATIO": 100
},
{
    "OPTID": 107,
    "OPTNAME": "普莱克斯（上海）半导体气体有限公司",
    "OPTNAME1": "普莱克斯（上海）半导体气体有限公司",
    "BUSINESSLICENSENUMBER": "913101157030121636",
    "OPTNUM": "工商营业执照号",
    "SCALE": "小型",
    "REGISTERADDRESS": "中国（上海）自由贸易试验区祖冲之路1509号",
    "REGISTERTYPENAME": "外商投资股份有限公司",
    "OPERATEPOINTADDRESS": "中国（上海）自由贸易试验区祖冲之路1509号",
    "MON": "26260000美元",
    "OPERATEPOINTPHONE": "28947055",
    "LONGITUDE": "121.617841",
    "LATITUDE": "31.212684",
    "CREDITSCORE": "中",
    "HIGHESTRISKLEVEL": "B",
    "SENSE1": 0,
    "SENSE2": 0,
    "SENSE3": 0,
    "SENSE4": 0,
    "SENSE5": 0,
    "INRATIO": 100
},
{
    "OPTID": 131,
    "OPTNAME": "上海浦东伏龙仓储有限公司",
    "OPTNAME1": "上海浦东伏龙仓储有限公司",
    "BUSINESSLICENSENUMBER": "3101151506714",
    "OPTNUM": "工商营业执照号",
    "SCALE": "小型",
    "REGISTERADDRESS": "浦东新区高东街道伏龙桥宅1号",
    "REGISTERTYPENAME": "集体企业",
    "OPERATEPOINTADDRESS": "浦东新区高东街道伏龙桥宅1号",
    "MON": "1150000人民币(元)",
    "OPERATEPOINTPHONE": "68482395",
    "LONGITUDE": "121.6297",
    "LATITUDE": "31.333397",
    "CREDITSCORE": "好",
    "HIGHESTRISKLEVEL": "A",
    "SENSE1": 0,
    "SENSE2": 0,
    "SENSE3": 0,
    "SENSE4": 0,
    "SENSE5": 0,
    "INRATIO": 50
},
{
    "OPTID": 142,
    "OPTNAME": "上海牡丹香精香料有限公司",
    "OPTNAME1": "上海牡丹香精香料有限公司",
    "BUSINESSLICENSENUMBER": "91310115631666722J",
    "OPTNUM": "工商营业执照号",
    "SCALE": "小型",
    "REGISTERADDRESS": "浦东新区孙桥路1067号",
    "REGISTERTYPENAME": "国有企业",
    "OPERATEPOINTADDRESS": "浦东新区孙桥路1067号",
    "MON": "20000000人民币(元)",
    "OPERATEPOINTPHONE": "58577388",
    "LONGITUDE": "121.637958",
    "LATITUDE": "31.172783",
    "CREDITSCORE": "好",
    "HIGHESTRISKLEVEL": "C",
    "SENSE1": 0,
    "SENSE2": 0,
    "SENSE3": 0,
    "SENSE4": 0,
    "SENSE5": 0,
    "INRATIO": 100
},
{
    "OPTID": 3,
    "OPTNAME": "慧瞻材料科技(上海)有限公司",
    "OPTNAME1": "慧瞻材料科技(上海)有限公司",
    "BUSINESSLICENSENUMBER": "913100007030119026",
    "OPTNUM": "工商营业执照号",
    "SCALE": "小型",
    "REGISTERADDRESS": "中国（上海）自由贸易试验区芬菊路238号",
    "REGISTERTYPENAME": "外资企业",
    "OPERATEPOINTADDRESS": "中国（上海）自由贸易试验区芬菊路238号",
    "MON": "7100000美元",
    "OPERATEPOINTPHONE": "50482467",
    "LONGITUDE": "121.740025",
    "LATITUDE": "31.144152",
    "CREDITSCORE": "好",
    "HIGHESTRISKLEVEL": "D",
    "SENSE1": 0,
    "SENSE2": 0,
    "SENSE3": 0,
    "SENSE4": 0,
    "SENSE5": 0,
    "INRATIO": 100
},
{
    "OPTID": 20787,
    "OPTNAME": "中钞油墨有限公司",
    "OPTNAME1": "中钞油墨有限公司",
    "BUSINESSLICENSENUMBER": "310225000228029",
    "OPTNUM": "工商营业执照号",
    "SCALE": "中型",
    "REGISTERADDRESS": "浦东新区秀沿路288号",
    "REGISTERTYPENAME": "有限责任公司",
    "OPERATEPOINTADDRESS": "浦东新区秀沿路288号",
    "MON": "180000000人民币(元)",
    "OPERATEPOINTPHONE": "021-38116999",
    "LONGITUDE": "121.564544",
    "LATITUDE": "31.139445",
    "CREDITSCORE": "好",
    "HIGHESTRISKLEVEL": "未评定",
    "SENSE1": 0,
    "SENSE2": 0,
    "SENSE3": 0,
    "SENSE4": 0,
    "SENSE5": 0,
    "INRATIO": 100
},
{
    "OPTID": 3532,
    "OPTNAME": "上海维港精细化工有限公司",
    "OPTNAME1": "上海维港精细化工有限公司",
    "BUSINESSLICENSENUMBER": "3102252025284",
    "OPTNUM": "工商营业执照号",
    "SCALE": "中型",
    "REGISTERADDRESS": "浦东新区老港镇化工工业园区同创路685号",
    "REGISTERTYPENAME": "有限责任公司",
    "OPERATEPOINTADDRESS": "老港镇工业园区同创路685号",
    "MON": "2180000人民币(元)",
    "OPERATEPOINTPHONE": "021-68296511",
    "LONGITUDE": "121.846388",
    "LATITUDE": "31.062355",
    "CREDITSCORE": "好",
    "HIGHESTRISKLEVEL": "B",
    "SENSE1": 0,
    "SENSE2": 0,
    "SENSE3": 0,
    "SENSE4": 0,
    "SENSE5": 0,
    "INRATIO": 100
},
{
    "OPTID": 18718,
    "OPTNAME": "上海航头工业气体经营部",
    "OPTNAME1": "上海航头工业气体经营部",
    "BUSINESSLICENSENUMBER": "15000000201501270108",
    "OPTNUM": "工商营业执照号",
    "SCALE": "小型",
    "REGISTERADDRESS": "航南公路300号",
    "REGISTERTYPENAME": "集体企业",
    "OPERATEPOINTADDRESS": "航头镇航南公路300号",
    "MON": "800000人民币(元)",
    "OPERATEPOINTPHONE": "15900980789",
    "LONGITUDE": "121.593627",
    "LATITUDE": "31.025324",
    "CREDITSCORE": "好",
    "HIGHESTRISKLEVEL": "C",
    "SENSE1": 0,
    "SENSE2": 0,
    "SENSE3": 0,
    "SENSE4": 0,
    "SENSE5": 0,
    "INRATIO": 100
},
{
    "OPTID": 17363,
    "OPTNAME": "上海振义企业发展有限公司",
    "OPTNAME1": "上海振义企业发展有限公司",
    "BUSINESSLICENSENUMBER": "310115000843762",
    "OPTNUM": "工商营业执照号",
    "SCALE": "小型",
    "REGISTERADDRESS": "浦东新区高东镇高翔环路155号",
    "REGISTERTYPENAME": "有限责任公司",
    "OPERATEPOINTADDRESS": "浦东新区高东镇高翔环路155号",
    "MON": "5000000人民币(元)",
    "OPERATEPOINTPHONE": "58486306",
    "LONGITUDE": "121.63724",
    "LATITUDE": "31.337438",
    "CREDITSCORE": "好",
    "HIGHESTRISKLEVEL": "A",
    "SENSE1": 18,
    "SENSE2": 13,
    "SENSE3": 0,
    "SENSE4": 0,
    "SENSE5": 2,
    "INRATIO": 100
},
{
    "OPTID": 2004,
    "OPTNAME": "上海罗氏制药有限公司",
    "OPTNAME1": "上海罗氏制药有限公司",
    "BUSINESSLICENSENUMBER": "91310000607297170M",
    "OPTNUM": "工商营业执照号",
    "SCALE": "大型",
    "REGISTERADDRESS": "龙东大道1100号",
    "REGISTERTYPENAME": "中外合资经营企业",
    "OPERATEPOINTADDRESS": "龙东大道1100号",
    "MON": "278697143美元",
    "OPERATEPOINTPHONE": "28946025",
    "LONGITUDE": "121.600554",
    "LATITUDE": "31.222087",
    "CREDITSCORE": "中",
    "HIGHESTRISKLEVEL": "A",
    "SENSE1": 0,
    "SENSE2": 0,
    "SENSE3": 0,
    "SENSE4": 0,
    "SENSE5": 0,
    "INRATIO": 100
},
{
    "OPTID": 28,
    "OPTNAME": "上海征宇反光材料有限公司",
    "OPTNAME1": "上海征宇反光材料有限公司",
    "BUSINESSLICENSENUMBER": "3102252023434",
    "OPTNUM": "工商营业执照号",
    "SCALE": "微型",
    "REGISTERADDRESS": "祝桥镇金星村七组路1787号",
    "REGISTERTYPENAME": "有限责任公司",
    "OPERATEPOINTADDRESS": "浦东新区祝桥镇金星村七组路1787号",
    "MON": "500000人民币(元)",
    "OPERATEPOINTPHONE": "68106050",
    "LONGITUDE": "121.763655",
    "LATITUDE": "31.115131",
    "CREDITSCORE": "好",
    "HIGHESTRISKLEVEL": "B",
    "SENSE1": 0,
    "SENSE2": 0,
    "SENSE3": 0,
    "SENSE4": 0,
    "SENSE5": 0,
    "INRATIO": 100
},
{
    "OPTID": 23710,
    "OPTNAME": "中国石化销售有限公司上海石油储运配送分公司高桥石油站",
    "OPTNAME1": "中国石化销售有限公司上海石油储运配送分公司高桥石油站",
    "BUSINESSLICENSENUMBER": "310110000224450",
    "OPTNUM": "工商营业执照号",
    "SCALE": "大型",
    "REGISTERADDRESS": "上海市杨浦区军工路2488号",
    "REGISTERTYPENAME": "国有企业",
    "OPERATEPOINTADDRESS": "浦东新区江心沙路3号 ",
    "MON": "3600人民币(元)",
    "OPERATEPOINTPHONE": "58610982",
    "LONGITUDE": "121.551501",
    "LATITUDE": "31.349023",
    "CREDITSCORE": "好",
    "HIGHESTRISKLEVEL": "未评定",
    "SENSE1": 9,
    "SENSE2": 0,
    "SENSE3": 0,
    "SENSE4": 0,
    "SENSE5": 0,
    "INRATIO": 100
},
{
    "OPTID": 218,
    "OPTNAME": "空气化工产品气体（上海）有限公司",
    "OPTNAME1": "空气化工产品气体（上海）有限公司",
    "BUSINESSLICENSENUMBER": "91310115798977733G",
    "OPTNUM": "工商营业执照号",
    "SCALE": "小型",
    "REGISTERADDRESS": "浦东新区汇庆路888号6-7幢",
    "REGISTERTYPENAME": "外商投资股份有限公司",
    "OPERATEPOINTADDRESS": "浦东新区汇庆路888号6-7幢",
    "MON": "245650000美元",
    "OPERATEPOINTPHONE": "51946796",
    "LONGITUDE": "121.698986",
    "LATITUDE": "31.237076",
    "CREDITSCORE": "好",
    "HIGHESTRISKLEVEL": "A",
    "SENSE1": 0,
    "SENSE2": 0,
    "SENSE3": 0,
    "SENSE4": 0,
    "SENSE5": 0,
    "INRATIO": 33.33
},
{
    "OPTID": 12485,
    "OPTNAME": "上海稳富实业有限公司",
    "OPTNAME1": "上海稳富实业有限公司",
    "BUSINESSLICENSENUMBER": "91310115735412938W",
    "OPTNUM": "工商营业执照号",
    "SCALE": "小型",
    "REGISTERADDRESS": "鹿吉路303号",
    "REGISTERTYPENAME": "有限责任公司",
    "OPERATEPOINTADDRESS": "鹿吉路303号",
    "MON": "20000000人民币(元)",
    "OPERATEPOINTPHONE": "02158160008-8007",
    "LONGITUDE": "121.700984",
    "LATITUDE": "31.109033",
    "CREDITSCORE": "好",
    "HIGHESTRISKLEVEL": "B",
    "SENSE1": 21,
    "SENSE2": 6,
    "SENSE3": 0,
    "SENSE4": 0,
    "SENSE5": 1,
    "INRATIO": 50
},
{
    "OPTID": 20262,
    "OPTNAME": "上海高纯气体有限公司",
    "OPTNAME1": "上海高纯气体有限公司",
    "BUSINESSLICENSENUMBER": "91310115744238361R",
    "OPTNUM": "工商营业执照号",
    "SCALE": "小型",
    "REGISTERADDRESS": "浦东新区浦东北路4308号1幢",
    "REGISTERTYPENAME": "有限责任公司",
    "OPERATEPOINTADDRESS": "浦东新区浦东北路4308号",
    "MON": "16260000人民币(元)",
    "OPERATEPOINTPHONE": "021-58614497",
    "LONGITUDE": "121.570286",
    "LATITUDE": "31.349582",
    "CREDITSCORE": "好",
    "HIGHESTRISKLEVEL": "A",
    "SENSE1": 0,
    "SENSE2": 0,
    "SENSE3": 0,
    "SENSE4": 0,
    "SENSE5": 0,
    "INRATIO": 66.66
},
{
    "OPTID": 21409,
    "OPTNAME": "立邦涂料（中国）有限公司",
    "OPTNAME1": "立邦涂料（中国）有限公司",
    "BUSINESSLICENSENUMBER": "913101156072632023",
    "OPTNUM": "工商营业执照号",
    "SCALE": "中型",
    "REGISTERADDRESS": "王桥创业路287号",
    "REGISTERTYPENAME": "其他外商投资企业",
    "OPERATEPOINTADDRESS": "王桥创业路287号",
    "MON": "19000000美元",
    "OPERATEPOINTPHONE": "021-58384799",
    "LONGITUDE": "121.693415",
    "LATITUDE": "31.219714",
    "CREDITSCORE": "好",
    "HIGHESTRISKLEVEL": "B",
    "SENSE1": 0,
    "SENSE2": 0,
    "SENSE3": 0,
    "SENSE4": 0,
    "SENSE5": 0,
    "INRATIO": 100
},
{
    "OPTID": 3602,
    "OPTNAME": "上海元邦化工制造有限公司",
    "OPTNAME1": "上海元邦化工制造有限公司",
    "BUSINESSLICENSENUMBER": "91310115751494902Y",
    "OPTNUM": "工商营业执照号",
    "SCALE": "小型",
    "REGISTERADDRESS": "老港镇工业园区同发路188号",
    "REGISTERTYPENAME": "有限责任公司",
    "OPERATEPOINTADDRESS": "新区老港镇工业园区同发路188号",
    "MON": "13500000人民币(元)",
    "OPERATEPOINTPHONE": "58057777-8003",
    "LONGITUDE": "121.854406",
    "LATITUDE": "31.052971",
    "CREDITSCORE": "好",
    "HIGHESTRISKLEVEL": "B",
    "SENSE1": 0,
    "SENSE2": 0,
    "SENSE3": 0,
    "SENSE4": 0,
    "SENSE5": 0,
    "INRATIO": 100
},
{
    "OPTID": 22250,
    "OPTNAME": "上海亚远化纺有限公司",
    "OPTNAME1": "上海亚远化纺有限公司",
    "BUSINESSLICENSENUMBER": "310115001538754",
    "OPTNUM": "工商营业执照号",
    "SCALE": "中型",
    "REGISTERADDRESS": "陶桥路568号",
    "REGISTERTYPENAME": "私营企业",
    "OPERATEPOINTADDRESS": "浦东新区南汇工业园区10号地块",
    "MON": "2000000人民币(元)",
    "OPERATEPOINTPHONE": "58183901",
    "LONGITUDE": "121.726501",
    "LATITUDE": "31.033515",
    "CREDITSCORE": "好",
    "HIGHESTRISKLEVEL": "C",
    "SENSE1": 6,
    "SENSE2": 4,
    "SENSE3": 0,
    "SENSE4": 0,
    "SENSE5": 0,
    "INRATIO": 100
},
{
    "OPTID": 3627,
    "OPTNAME": "上海踏浪精细化工有限公司",
    "OPTNAME1": "上海踏浪精细化工有限公司",
    "BUSINESSLICENSENUMBER": "913101157584197100",
    "OPTNUM": "工商营业执照号",
    "SCALE": "小型",
    "REGISTERADDRESS": "浦东新区老港镇工业园区良乐路229号",
    "REGISTERTYPENAME": "私营企业",
    "OPERATEPOINTADDRESS": "浦东新区老港镇工业园区良乐路229号",
    "MON": "5000000人民币(元)",
    "OPERATEPOINTPHONE": "68296508",
    "LONGITUDE": "121.853648",
    "LATITUDE": "31.068681",
    "CREDITSCORE": "好",
    "HIGHESTRISKLEVEL": "A",
    "SENSE1": 0,
    "SENSE2": 0,
    "SENSE3": 0,
    "SENSE4": 0,
    "SENSE5": 0,
    "INRATIO": 100
},
{
    "OPTID": 13628,
    "OPTNAME": "卡特彼勒物流（上海）有限公司",
    "OPTNAME1": "卡特彼勒物流（上海）有限公司",
    "BUSINESSLICENSENUMBER": "310000400412295（浦东）",
    "OPTNUM": "工商营业执照号",
    "SCALE": "中型",
    "REGISTERADDRESS": "临港新城同顺大道500号",
    "REGISTERTYPENAME": "港、澳、台商独资经营企业",
    "OPERATEPOINTADDRESS": "临港新城同顺大道500号",
    "MON": "23340000美元",
    "OPERATEPOINTPHONE": "38281516",
    "LONGITUDE": "121.882461",
    "LATITUDE": "30.881598",
    "CREDITSCORE": "好",
    "HIGHESTRISKLEVEL": "A",
    "SENSE1": 0,
    "SENSE2": 0,
    "SENSE3": 0,
    "SENSE4": 0,
    "SENSE5": 0,
    "INRATIO": 100
},
{
    "OPTID": 3625,
    "OPTNAME": "上海密尔克卫化工储存有限公司",
    "OPTNAME1": "上海密尔克卫化工储存有限公司",
    "BUSINESSLICENSENUMBER": "310225000207104",
    "OPTNUM": "工商营业执照号",
    "SCALE": "中型",
    "REGISTERADDRESS": "老港镇同发路1088号",
    "REGISTERTYPENAME": "私营企业",
    "OPERATEPOINTADDRESS": "浦东新区老港镇同发路1088号",
    "MON": "100000000人民币(元)",
    "OPERATEPOINTPHONE": "68296805",
    "LONGITUDE": "121.849052",
    "LATITUDE": "31.068853",
    "CREDITSCORE": "中",
    "HIGHESTRISKLEVEL": "B",
    "SENSE1": 13,
    "SENSE2": 0,
    "SENSE3": 0,
    "SENSE4": 0,
    "SENSE5": 0,
    "INRATIO": 66.66
},
{
    "OPTID": 64,
    "OPTNAME": "上海亿升海运仓储有限公司",
    "OPTNAME1": "上海亿升海运仓储有限公司",
    "BUSINESSLICENSENUMBER": "15000002201708240001",
    "OPTNUM": "工商营业执照号",
    "SCALE": "小型",
    "REGISTERADDRESS": " 浦东新区高东街道随塘路28号",
    "REGISTERTYPENAME": "中外合资经营企业",
    "OPERATEPOINTADDRESS": " 浦东新区高东街道随塘路28号",
    "MON": "1267.84美元",
    "OPERATEPOINTPHONE": "58483668",
    "LONGITUDE": "121.631595",
    "LATITUDE": "31.352118",
    "CREDITSCORE": "好",
    "HIGHESTRISKLEVEL": "C",
    "SENSE1": 17,
    "SENSE2": 0,
    "SENSE3": 39,
    "SENSE4": 0,
    "SENSE5": 0,
    "INRATIO": 100
},
{
    "OPTID": 26719,
    "OPTNAME": "上海周浦冷藏有限公司",
    "OPTNAME1": "上海周浦冷藏有限公司",
    "BUSINESSLICENSENUMBER": "91310115775214039E",
    "OPTNUM": "工商营业执照号",
    "SCALE": "微型",
    "REGISTERADDRESS": "周浦镇建韵路619号",
    "REGISTERTYPENAME": "有限责任公司",
    "OPERATEPOINTADDRESS": "周浦镇建韵路619号",
    "MON": "3000000人民币(元)",
    "OPERATEPOINTPHONE": "50881775",
    "LONGITUDE": "121.573451",
    "LATITUDE": "31.114422",
    "CREDITSCORE": "中",
    "HIGHESTRISKLEVEL": "A",
    "SENSE1": 0,
    "SENSE2": 0,
    "SENSE3": 0,
    "SENSE4": 0,
    "SENSE5": 0,
    "INRATIO": 100
},
{
    "OPTID": 62,
    "OPTNAME": "上海浦航石油有限公司",
    "OPTNAME1": "上海浦航石油有限公司",
    "BUSINESSLICENSENUMBER": "15000000201605130896",
    "OPTNUM": "工商营业执照号",
    "SCALE": "小型",
    "REGISTERADDRESS": " 浦东新区金海路3288号G3033室 ",
    "REGISTERTYPENAME": "有限责任公司",
    "OPERATEPOINTADDRESS": "浦东新区人民塘路889号",
    "MON": "300000000人民币(元)",
    "OPERATEPOINTPHONE": "021-50683618",
    "LONGITUDE": "121.720037",
    "LATITUDE": "31.294406",
    "CREDITSCORE": "好",
    "HIGHESTRISKLEVEL": "C",
    "SENSE1": 12,
    "SENSE2": 0,
    "SENSE3": 14,
    "SENSE4": 0,
    "SENSE5": 0,
    "INRATIO": 100
},
{
    "OPTID": 51,
    "OPTNAME": "上海南汇兴绿精细化工厂",
    "OPTNAME1": "上海南汇兴绿精细化工厂",
    "BUSINESSLICENSENUMBER": "310225000112084",
    "OPTNUM": "工商营业执照号",
    "SCALE": "微型",
    "REGISTERADDRESS": "上海市南汇区老港镇",
    "REGISTERTYPENAME": "私营企业",
    "OPERATEPOINTADDRESS": "新区老港镇同发路865号 ",
    "MON": "2000000人民币(元)",
    "OPERATEPOINTPHONE": "68296165",
    "LONGITUDE": "121.850404",
    "LATITUDE": "31.063483",
    "CREDITSCORE": "好",
    "HIGHESTRISKLEVEL": "C",
    "SENSE1": 0,
    "SENSE2": 0,
    "SENSE3": 0,
    "SENSE4": 0,
    "SENSE5": 0,
    "INRATIO": 100
},
{
    "OPTID": 3388,
    "OPTNAME": "日陆物流（上海）有限公司",
    "OPTNAME1": "日陆物流（上海）有限公司",
    "BUSINESSLICENSENUMBER": "15000002201704110011",
    "OPTNUM": "工商营业执照号",
    "SCALE": "小型",
    "REGISTERADDRESS": "上海市浦东新区洋浩路1388号",
    "REGISTERTYPENAME": "外资企业",
    "OPERATEPOINTADDRESS": "上海市浦东新区洋浩路1388号",
    "MON": "5000000美元",
    "OPERATEPOINTPHONE": "021-38210300",
    "LONGITUDE": "121.857935",
    "LATITUDE": "30.893184",
    "CREDITSCORE": "好",
    "HIGHESTRISKLEVEL": "C",
    "SENSE1": 0,
    "SENSE2": 0,
    "SENSE3": 0,
    "SENSE4": 0,
    "SENSE5": 0,
    "INRATIO": 100
},
{
    "OPTID": 42,
    "OPTNAME": "上海沧海工业气体有限公司",
    "OPTNAME1": "上海沧海工业气体有限公司",
    "BUSINESSLICENSENUMBER": "310225000481897",
    "OPTNUM": "工商营业执照号",
    "SCALE": "小型",
    "REGISTERADDRESS": " 东新区康桥镇康桥工业园区沪南路2502号407室 ",
    "REGISTERTYPENAME": "有限责任公司",
    "OPERATEPOINTADDRESS": "浦东新区南汇工业园区沪南公路9148号",
    "MON": "3800000人民币(元)",
    "OPERATEPOINTPHONE": "58003888",
    "LONGITUDE": "121.716957",
    "LATITUDE": "31.042587",
    "CREDITSCORE": "好",
    "HIGHESTRISKLEVEL": "C",
    "SENSE1": 0,
    "SENSE2": 0,
    "SENSE3": 0,
    "SENSE4": 0,
    "SENSE5": 0,
    "INRATIO": 100
},
{
    "OPTID": 61,
    "OPTNAME": "德之馨（上海）有限公司",
    "OPTNAME1": "德之馨（上海）有限公司",
    "BUSINESSLICENSENUMBER": "91310115607202776D",
    "OPTNUM": "工商营业执照号",
    "SCALE": "小型",
    "REGISTERADDRESS": "中国（上海）自由贸易试验区陇桥路30号",
    "REGISTERTYPENAME": "外资企业",
    "OPERATEPOINTADDRESS": "中国（上海）自由贸易试验区陇桥路30号",
    "MON": "145970584人民币(元)",
    "OPERATEPOINTPHONE": "58996218",
    "LONGITUDE": "121.632786",
    "LATITUDE": "31.279041",
    "CREDITSCORE": "中",
    "HIGHESTRISKLEVEL": "C",
    "SENSE1": 0,
    "SENSE2": 0,
    "SENSE3": 0,
    "SENSE4": 0,
    "SENSE5": 0,
    "INRATIO": 100
},
{
    "OPTID": 4795,
    "OPTNAME": "上海上药信谊药厂有限公司制药二厂",
    "OPTNAME1": "上海上药信谊药厂有限公司制药二厂",
    "BUSINESSLICENSENUMBER": "913101156916467660",
    "OPTNUM": "工商营业执照号",
    "SCALE": "中型",
    "REGISTERADDRESS": "川沙路4398号",
    "REGISTERTYPENAME": "国有企业",
    "OPERATEPOINTADDRESS": "川沙路4398号",
    "MON": "10000000人民币(元)",
    "OPERATEPOINTPHONE": "58906659",
    "LONGITUDE": "121.701958",
    "LATITUDE": "31.208762",
    "CREDITSCORE": "好",
    "HIGHESTRISKLEVEL": "B",
    "SENSE1": 0,
    "SENSE2": 0,
    "SENSE3": 0,
    "SENSE4": 0,
    "SENSE5": 0,
    "INRATIO": 50
},
{
    "OPTID": 27,
    "OPTNAME": "上海庄臣有限公司",
    "OPTNAME1": "上海庄臣有限公司",
    "BUSINESSLICENSENUMBER": "企合沪浦总副字第301112号（浦东）",
    "OPTNUM": "工商营业执照号",
    "SCALE": "中型",
    "REGISTERADDRESS": "浦东新区新金桥路932 号",
    "REGISTERTYPENAME": "外商投资股份有限公司",
    "OPERATEPOINTADDRESS": "浦东新区新金桥路932 号",
    "MON": "67000000美元",
    "OPERATEPOINTPHONE": "58994833",
    "LONGITUDE": "121.61335",
    "LATITUDE": "31.257911",
    "CREDITSCORE": "中",
    "HIGHESTRISKLEVEL": "B",
    "SENSE1": 0,
    "SENSE2": 0,
    "SENSE3": 0,
    "SENSE4": 0,
    "SENSE5": 0,
    "INRATIO": 100
},
{
    "OPTID": 33,
    "OPTNAME": "上海上药新亚药业有限公司新先锋制药厂",
    "OPTNAME1": "上海上药新亚药业有限公司新先锋制药厂",
    "BUSINESSLICENSENUMBER": "913101155997457537",
    "OPTNUM": "工商营业执照号",
    "SCALE": "中型",
    "REGISTERADDRESS": "浦东新区张江路 92号",
    "REGISTERTYPENAME": "有限责任公司",
    "OPERATEPOINTADDRESS": "张江路92号",
    "MON": "0人民币(元)",
    "OPERATEPOINTPHONE": "021-58552452",
    "LONGITUDE": "121.618045",
    "LATITUDE": "31.216514",
    "CREDITSCORE": "好",
    "HIGHESTRISKLEVEL": "B",
    "SENSE1": 0,
    "SENSE2": 0,
    "SENSE3": 0,
    "SENSE4": 0,
    "SENSE5": 0,
    "INRATIO": 100
},
{
    "OPTID": 83,
    "OPTNAME": "上海石油天然气有限公司天然气处理厂",
    "OPTNAME1": "上海石油天然气有限公司天然气处理厂",
    "BUSINESSLICENSENUMBER": "310115000002987",
    "OPTNUM": "工商营业执照号",
    "SCALE": "中型",
    "REGISTERADDRESS": "上海市商城路1225号",
    "REGISTERTYPENAME": "有限责任公司",
    "OPERATEPOINTADDRESS": "书院镇南果公路548号",
    "MON": "900000000人民币(元)",
    "OPERATEPOINTPHONE": "021-58197676",
    "LONGITUDE": "121.873024",
    "LATITUDE": "31.007359",
    "CREDITSCORE": "好",
    "HIGHESTRISKLEVEL": "B",
    "SENSE1": 0,
    "SENSE2": 0,
    "SENSE3": 0,
    "SENSE4": 0,
    "SENSE5": 0,
    "INRATIO": 50
},
{
    "OPTID": 12488,
    "OPTNAME": "上海隆澜实业有限公司",
    "OPTNAME1": "上海隆澜实业有限公司",
    "BUSINESSLICENSENUMBER": "913101157694358554",
    "OPTNUM": "工商营业执照号",
    "SCALE": "小型",
    "REGISTERADDRESS": "浦东新区川沙新镇鹿滨路17号",
    "REGISTERTYPENAME": "有限责任公司",
    "OPERATEPOINTADDRESS": "浦东新区川沙新镇鹿滨路17号",
    "MON": "58000000人民币(元)",
    "OPERATEPOINTPHONE": "33896230",
    "LONGITUDE": "121.691838",
    "LATITUDE": "31.108245",
    "CREDITSCORE": "好",
    "HIGHESTRISKLEVEL": "B",
    "SENSE1": 17,
    "SENSE2": 0,
    "SENSE3": 0,
    "SENSE4": 0,
    "SENSE5": 0,
    "INRATIO": 50
},
{
    "OPTID": 103939,
    "OPTNAME": "上海归鸿实业有限公司",
    "OPTNAME1": "上海归鸿实业有限公司",
    "BUSINESSLICENSENUMBER": "310115001874606",
    "OPTNUM": "工商营业执照号",
    "SCALE": "小型",
    "REGISTERADDRESS": "浦东新区老港镇工业园区同发路1058号",
    "REGISTERTYPENAME": "私营企业",
    "OPERATEPOINTADDRESS": "浦东新区老港镇工业园区同发路1058号",
    "MON": "10000000人民币(元)",
    "OPERATEPOINTPHONE": "021-58154500",
    "LONGITUDE": "121.849265",
    "LATITUDE": "31.068193",
    "CREDITSCORE": "好",
    "HIGHESTRISKLEVEL": "C",
    "SENSE1": 0,
    "SENSE2": 0,
    "SENSE3": 0,
    "SENSE4": 0,
    "SENSE5": 0,
    "INRATIO": 100
},
{
    "OPTID": 108035,
    "OPTNAME": "上海舜胜高分子有限公司",
    "OPTNAME1": "上海舜胜高分子有限公司",
    "BUSINESSLICENSENUMBER": "310110000251498",
    "OPTNUM": "工商营业执照号",
    "SCALE": "小型",
    "REGISTERADDRESS": "浦东新区老港镇同创路693号",
    "REGISTERTYPENAME": "有限责任公司",
    "OPERATEPOINTADDRESS": "浦东新区老港镇同创路693号",
    "MON": "2000000人民币(元)",
    "OPERATEPOINTPHONE": "021-65510440",
    "LONGITUDE": "121.846057",
    "LATITUDE": "31.06334",
    "CREDITSCORE": "好",
    "HIGHESTRISKLEVEL": "C",
    "SENSE1": 0,
    "SENSE2": 0,
    "SENSE3": 0,
    "SENSE4": 0,
    "SENSE5": 0,
    "INRATIO": 100
},
{
    "OPTID": 109074,
    "OPTNAME": "林德气体（上海）有限公司",
    "OPTNAME1": "林德气体（上海）有限公司",
    "BUSINESSLICENSENUMBER": "9131011560737944X",
    "OPTNUM": "工商营业执照号",
    "SCALE": "小型",
    "REGISTERADDRESS": "川桥路1525号",
    "REGISTERTYPENAME": "外资企业",
    "OPERATEPOINTADDRESS": "川桥路1525号",
    "MON": "1300000美元",
    "OPERATEPOINTPHONE": "61059888",
    "LONGITUDE": "121.634895",
    "LATITUDE": "31.255072",
    "CREDITSCORE": "好",
    "HIGHESTRISKLEVEL": "B",
    "SENSE1": 0,
    "SENSE2": 0,
    "SENSE3": 0,
    "SENSE4": 0,
    "SENSE5": 0,
    "INRATIO": 100
},
{
    "OPTID": 107395,
    "OPTNAME": "上海天汉环境资源有限公司",
    "OPTNAME1": "上海天汉环境资源有限公司",
    "BUSINESSLICENSENUMBER": "15000002201512300068",
    "OPTNUM": "工商营业执照号",
    "SCALE": "小型",
    "REGISTERADDRESS": "浦东新区南汇新城镇沧海路2865号",
    "REGISTERTYPENAME": "外商投资股份有限公司",
    "OPERATEPOINTADDRESS": "浦东新区南汇新城镇沧海路2865号",
    "MON": "100000000人民币(元)",
    "OPERATEPOINTPHONE": "021-20972865",
    "LONGITUDE": "121.800675",
    "LATITUDE": "30.860159",
    "CREDITSCORE": "好",
    "HIGHESTRISKLEVEL": "B",
    "SENSE1": 0,
    "SENSE2": 0,
    "SENSE3": 0,
    "SENSE4": 0,
    "SENSE5": 0,
    "INRATIO": 100
},
{
    "OPTID": 116172,
    "OPTNAME": "上海天然气管网有限公司",
    "OPTNAME1": "上海天然气管网有限公司",
    "BUSINESSLICENSENUMBER": "310115000653556",
    "OPTNUM": "工商营业执照号",
    "SCALE": "中型",
    "REGISTERADDRESS": "华夏西路5678号",
    "REGISTERTYPENAME": "国有企业",
    "OPERATEPOINTADDRESS": "上海市浦东新区华夏西路5678号",
    "MON": "18000000000人民币(元)",
    "OPERATEPOINTPHONE": "58916688",
    "LONGITUDE": "121.585149",
    "LATITUDE": "31.170997",
    "CREDITSCORE": "好",
    "HIGHESTRISKLEVEL": "未评定",
    "SENSE1": 0,
    "SENSE2": 0,
    "SENSE3": 0,
    "SENSE4": 0,
    "SENSE5": 0,
    "INRATIO": 100
}
]