[
    {
        "OPTID": 3627,
        "OPTNAME": "上海踏浪精细化工有限公司",
        "OPTNAME1": "上海踏浪精细化工有限公司",
        "BUSINESSLICENSENUMBER": "913101157584197100",
        "OPTNUM": "工商营业执照号",
        "SCALE": "小型",
        "REGISTERADDRESS": "浦东新区老港镇工业园区良乐路229号",
        "REGISTERTYPENAME": "私营企业",
        "OPERATEPOINTADDRESS": "浦东新区老港镇工业园区良乐路229号",
        "MON": "20000000人民币(元)",
        "OPERATEPOINTPHONE": "68296508",
        "LONGITUDE": "121.853648",
        "LATITUDE": "31.068681",
        "CREDITSCORE": 100,
        "HIGHESTRISKLEVEL": "高",
        "OPPTRESPONSIBLEPERSON": "徐章龙",
        "OPPTRESPONSIBLEPERSONPHONE": "13901861123"
    },
    {
        "OPTID": 13,
        "OPTNAME": "上海沪康工业气体有限公司",
        "OPTNAME1": "上海沪康工业气体有限公司",
        "BUSINESSLICENSENUMBER": "913100006308970783",
        "OPTNUM": "工商营业执照号",
        "SCALE": "小型",
        "REGISTERADDRESS": "中国（上海）自由贸易试验区康桥东路555号",
        "REGISTERTYPENAME": "有限责任公司",
        "OPERATEPOINTADDRESS": "中国（上海）自由贸易试验区康桥东路555号",
        "MON": "3500000人民币(元)",
        "OPERATEPOINTPHONE": "68070480",
        "LONGITUDE": "121.619304",
        "LATITUDE": "31.160018",
        "CREDITSCORE": 110,
        "HIGHESTRISKLEVEL": "高",
        "OPPTRESPONSIBLEPERSON": "潘明照",
        "OPPTRESPONSIBLEPERSONPHONE": "13052422363"
    },
    {
        "OPTID": 128,
        "OPTNAME": "上海丽珠制药有限公司",
        "OPTNAME1": "上海丽珠制药有限公司",
        "BUSINESSLICENSENUMBER": "913100001338549664",
        "OPTNUM": "工商营业执照号",
        "SCALE": "小型",
        "REGISTERADDRESS": "浦东新区桂桥路1150号",
        "REGISTERTYPENAME": "有限责任公司",
        "OPERATEPOINTADDRESS": "浦东新区桂桥路1150号",
        "MON": "87328900人民币(元)",
        "OPERATEPOINTPHONE": "58998998-1123",
        "LONGITUDE": "121.63356",
        "LATITUDE": "31.251952",
        "CREDITSCORE": 110,
        "HIGHESTRISKLEVEL": "高",
        "OPPTRESPONSIBLEPERSON": "万龙岩",
        "OPPTRESPONSIBLEPERSONPHONE": "13564211591"
    },
    {
        "OPTID": 218,
        "OPTNAME": "空气化工产品气体（上海）有限公司",
        "OPTNAME1": "空气化工产品气体（上海）有限公司",
        "BUSINESSLICENSENUMBER": "91310115798977733G",
        "OPTNUM": "工商营业执照号",
        "SCALE": "小型",
        "REGISTERADDRESS": "浦东新区汇庆路888号6-7幢",
        "REGISTERTYPENAME": "外商投资股份有限公司",
        "OPERATEPOINTADDRESS": "浦东新区汇庆路888号6-7幢",
        "MON": "2456500美元",
        "OPERATEPOINTPHONE": "51946796",
        "LONGITUDE": "121.698986",
        "LATITUDE": "31.237076",
        "CREDITSCORE": 100,
        "HIGHESTRISKLEVEL": "高",
        "OPPTRESPONSIBLEPERSON": "谢亮亮",
        "OPPTRESPONSIBLEPERSONPHONE": "18068062636"
    },
    {
        "OPTID": 3546,
        "OPTNAME": "上海世壮新能源科技有限公司",
        "OPTNAME1": "上海世壮新能源科技有限公司",
        "BUSINESSLICENSENUMBER": "91310115550048439A",
        "OPTNUM": "工商营业执照号",
        "SCALE": "小型",
        "REGISTERADDRESS": "浦东新区老港镇工业园区同发路999号",
        "REGISTERTYPENAME": "有限责任公司",
        "OPERATEPOINTADDRESS": "浦东新区老港镇工业园区同创路999号",
        "MON": "2000000人民币(元)",
        "OPERATEPOINTPHONE": "021-68296929",
        "LONGITUDE": "121.850164",
        "LATITUDE": "31.064436",
        "CREDITSCORE": 95,
        "HIGHESTRISKLEVEL": "高",
        "OPPTRESPONSIBLEPERSON": "罗端虎",
        "OPPTRESPONSIBLEPERSONPHONE": "13311992593"
    },
    {
        "OPTID": 20262,
        "OPTNAME": "上海高纯气体有限公司",
        "OPTNAME1": "上海高纯气体有限公司",
        "BUSINESSLICENSENUMBER": "91310115744238361R",
        "OPTNUM": "工商营业执照号",
        "SCALE": "小型",
        "REGISTERADDRESS": "浦东新区浦东北路4308号1幢",
        "REGISTERTYPENAME": "有限责任公司",
        "OPERATEPOINTADDRESS": "浦东新区浦东北路4308号",
        "MON": "16260000人民币(元)",
        "OPERATEPOINTPHONE": "021-58614497",
        "LONGITUDE": "121.570286",
        "LATITUDE": "31.349582",
        "CREDITSCORE": 105,
        "HIGHESTRISKLEVEL": "高",
        "OPPTRESPONSIBLEPERSON": "奚燕平",
        "OPPTRESPONSIBLEPERSONPHONE": "13816063691"
    },
    {
        "OPTID": 38,
        "OPTNAME": "上海铁联化轻仓储有限公司",
        "OPTNAME1": "上海铁联化轻仓储有限公司",
        "BUSINESSLICENSENUMBER": "91310115751488182Y",
        "OPTNUM": "工商营业执照号",
        "SCALE": "小型",
        "REGISTERADDRESS": "中国（上海）自由贸易试验区希雅路281号",
        "REGISTERTYPENAME": "国有企业",
        "OPERATEPOINTADDRESS": "中国（上海）自由贸易试验区希雅路281号",
        "MON": "12160000人民币(元)",
        "OPERATEPOINTPHONE": "50462159",
        "LONGITUDE": "121.740025",
        "LATITUDE": "31.144152",
        "CREDITSCORE": 110,
        "HIGHESTRISKLEVEL": "高",
        "OPPTRESPONSIBLEPERSON": "胡旭宏",
        "OPPTRESPONSIBLEPERSONPHONE": "15601884828"
    },
    {
        "OPTID": 48,
        "OPTNAME": "液化空气（上海浦东新区）有限公司",
        "OPTNAME1": "液化空气（上海浦东新区）有限公司",
        "BUSINESSLICENSENUMBER": "9131011573623212X0",
        "OPTNUM": "工商营业执照号",
        "SCALE": "小型",
        "REGISTERADDRESS": " 浦东新区郭守敬路818号",
        "REGISTERTYPENAME": "中外合资经营企业",
        "OPERATEPOINTADDRESS": " 浦东新区郭守敬路818号",
        "MON": "536.0000美元",
        "OPERATEPOINTPHONE": "021-50805430",
        "LONGITUDE": "121.61172",
        "LATITUDE": "31.217988",
        "CREDITSCORE": 105,
        "HIGHESTRISKLEVEL": "高",
        "OPPTRESPONSIBLEPERSON": "张剑勇",
        "OPPTRESPONSIBLEPERSONPHONE": "13671757789"
    },
    {
        "OPTID": 93,
        "OPTNAME": "奇华顿日用香精香料（上海）有限公司",
        "OPTNAME1": "奇华顿日用香精香料（上海）有限公司",
        "BUSINESSLICENSENUMBER": "91310115607332095E",
        "OPTNUM": "工商营业执照号",
        "SCALE": "小型",
        "REGISTERADDRESS": "浦东新区张江街道高科技园区李时珍路298号",
        "REGISTERTYPENAME": "外资企业",
        "OPERATEPOINTADDRESS": "浦东新区张江街道高科技园区李时珍路298号",
        "MON": "775.0000美元",
        "OPERATEPOINTPHONE": "28931288",
        "LONGITUDE": "121.60014",
        "LATITUDE": "31.218694",
        "CREDITSCORE": 110,
        "HIGHESTRISKLEVEL": "高",
        "OPPTRESPONSIBLEPERSON": "吴重庆",
        "OPPTRESPONSIBLEPERSONPHONE": "18602195603"
    },
    {
        "OPTID": 13084,
        "OPTNAME": "上海凯密特尔化学品有限公司",
        "OPTNAME1": "上海凯密特尔化学品有限公司",
        "BUSINESSLICENSENUMBER": "91310115607328467U",
        "OPTNUM": "工商营业执照号",
        "SCALE": "小型",
        "REGISTERADDRESS": "上海市浦东新区康桥工业区康安路628号",
        "REGISTERTYPENAME": "外商投资股份有限公司",
        "OPERATEPOINTADDRESS": "上海市浦东新区康桥工业区康安路628号",
        "MON": "3300000美元",
        "OPERATEPOINTPHONE": "58120929",
        "LONGITUDE": "121.56406",
        "LATITUDE": "31.1541",
        "CREDITSCORE": 105,
        "HIGHESTRISKLEVEL": "高",
        "OPPTRESPONSIBLEPERSON": "金辉",
        "OPPTRESPONSIBLEPERSONPHONE": "58120929"
    },
    {
        "OPTID": 11157,
        "OPTNAME": "上海创丰特殊树脂有限公司",
        "OPTNAME1": "上海创丰特殊树脂有限公司",
        "BUSINESSLICENSENUMBER": "310225000507107",
        "OPTNUM": "工商营业执照号",
        "SCALE": "小型",
        "REGISTERADDRESS": "浦东新区老港工业园区良通路155号",
        "REGISTERTYPENAME": "有限责任公司",
        "OPERATEPOINTADDRESS": "浦东新区老港工业园区良通路155号",
        "MON": "5000000人民币(元)",
        "OPERATEPOINTPHONE": "58096286",
        "LONGITUDE": "121.846171",
        "LATITUDE": "31.062586",
        "CREDITSCORE": 90,
        "HIGHESTRISKLEVEL": "高",
        "OPPTRESPONSIBLEPERSON": "牛梦雷",
        "OPPTRESPONSIBLEPERSONPHONE": "15618671968"
    },
    {
        "OPTID": 150,
        "OPTNAME": "上海东士石油化工有限公司",
        "OPTNAME1": "上海东士石油化工有限公司",
        "BUSINESSLICENSENUMBER": "913101151335094253",
        "OPTNUM": "工商营业执照号",
        "SCALE": "中型",
        "REGISTERADDRESS": "浦东新区曹路镇钦塘东路1号",
        "REGISTERTYPENAME": "有限责任公司",
        "OPERATEPOINTADDRESS": "浦东新区曹路镇钦塘东路1号",
        "MON": "2000000人民币(元)",
        "OPERATEPOINTPHONE": "58631263",
        "LONGITUDE": "121.69051",
        "LATITUDE": "31.313666",
        "CREDITSCORE": 105,
        "HIGHESTRISKLEVEL": "高",
        "OPPTRESPONSIBLEPERSON": "顾志强",
        "OPPTRESPONSIBLEPERSONPHONE": "13701734648"
    },
    {
        "OPTID": 39,
        "OPTNAME": "世天威化工物流（上海）有限公司",
        "OPTNAME1": "世天威化工物流（上海）有限公司",
        "BUSINESSLICENSENUMBER": "91310115787239081w",
        "OPTNUM": "工商营业执照号",
        "SCALE": "小型",
        "REGISTERADDRESS": "浦东新区外高桥保税物流园区街道申亚路253号",
        "REGISTERTYPENAME": "外资企业",
        "OPERATEPOINTADDRESS": "浦东新区外高桥保税物流园区街道申亚路253号",
        "MON": "1000000美元",
        "OPERATEPOINTPHONE": "38751990",
        "LONGITUDE": "121.576773",
        "LATITUDE": "31.370966",
        "CREDITSCORE": 115,
        "HIGHESTRISKLEVEL": "高",
        "OPPTRESPONSIBLEPERSON": "鲁搏建",
        "OPPTRESPONSIBLEPERSONPHONE": "38751300"
    },
    {
        "OPTID": 12977,
        "OPTNAME": "长谷川香料（上海）有限公司",
        "OPTNAME1": "长谷川香料（上海）有限公司",
        "BUSINESSLICENSENUMBER": "41000002201609140017",
        "OPTNUM": "工商营业执照号",
        "SCALE": "小型",
        "REGISTERADDRESS": "新金桥路2365号",
        "REGISTERTYPENAME": "外商投资股份有限公司",
        "OPERATEPOINTADDRESS": "新金桥路2365号",
        "MON": "16000000美元",
        "OPERATEPOINTPHONE": "58997000-272",
        "LONGITUDE": "121.640559",
        "LATITUDE": "31.266508",
        "CREDITSCORE": 110,
        "HIGHESTRISKLEVEL": "高",
        "OPPTRESPONSIBLEPERSON": "和田均",
        "OPPTRESPONSIBLEPERSONPHONE": "13524655148"
    },
    {
        "OPTID": 12513,
        "OPTNAME": "巴斯夫催化剂(上海)有限公司",
        "OPTNAME1": "巴斯夫催化剂(上海)有限公司",
        "BUSINESSLICENSENUMBER": "913101157030034787",
        "OPTNUM": "工商营业执照号",
        "SCALE": "中型",
        "REGISTERADDRESS": "浦东新区金桥出口加工区鲁桥路199号",
        "REGISTERTYPENAME": "外商投资股份有限公司",
        "OPERATEPOINTADDRESS": "浦东新区金桥出口加工区鲁桥路199号",
        "MON": "42080000美元",
        "OPERATEPOINTPHONE": "61091756",
        "LONGITUDE": "121.637502",
        "LATITUDE": "31.262334",
        "CREDITSCORE": 100,
        "HIGHESTRISKLEVEL": "高",
        "OPPTRESPONSIBLEPERSON": "刘建成",
        "OPPTRESPONSIBLEPERSONPHONE": "13818327102"
    },
    {
        "OPTID": 118,
        "OPTNAME": "上海普莱克斯仪电实用气体有限公司",
        "OPTNAME1": "上海普莱克斯仪电实用气体有限公司",
        "BUSINESSLICENSENUMBER": "913100006073496394",
        "OPTNUM": "工商营业执照号",
        "SCALE": "小型",
        "REGISTERADDRESS": "金豫路855号",
        "REGISTERTYPENAME": "外商投资股份有限公司",
        "OPERATEPOINTADDRESS": "金豫路855号",
        "MON": "9050000美元",
        "OPERATEPOINTPHONE": "50311010",
        "LONGITUDE": "121.627948",
        "LATITUDE": "31.24969",
        "CREDITSCORE": 90,
        "HIGHESTRISKLEVEL": "高",
        "OPPTRESPONSIBLEPERSON": "樊保家",
        "OPPTRESPONSIBLEPERSONPHONE": "13918298642"
    }
]