{
    "code": 0,
    "msg": "",
    "count": 5,
    "data": [{
            "type": "人员倒地",
            "time": "2019-12-25",
            "user": "银桥居委",
            "content": "6号楼202室人员倒地问题"
        },
        {
            "type": "人员倒地",
            "time": "2019-12-24",
            "user": "银桥居委",
            "content": "2号楼101室人员倒地问题"
        },
        {
            "type": "人员倒地",
            "time": "2019-12-23",
            "user": "银桥居委",
            "content": "3号楼302室人员倒地问题"
        },
        {
            "type": "人员倒地",
            "time": "2019-12-16",
            "user": "银桥居委",
            "content": "6号楼202室人员倒地问题"
        },
        {
            "type": "人员倒地",
            "time": "2019-12-18",
            "user": "银桥居委",
            "content": "4号楼102室人员倒地问题"
        }
    ]
}