{
    "code": 0,
    "msg": "",
    "count": 5,
    "data": [{
            "name": "6号楼201室高空抛物问题",
            "time": "2019-12-24",
            "type": "已处理",
            "fle": "高空抛物"
        },
        {
            "name": "6号楼101室飞线充电问题",
            "time": "2019-12-23",
            "type": "已处理",
            "fle": "飞线充电"
        },
        {
            "name": "4号楼101室乱停车问题",
            "time": "2019-12-23",
            "type": "已处理",
            "fle": "乱停车"
        },
        {
            "name": "3号楼202室乱丢垃圾问题",
            "time": "2019-12-17",
            "type": "已处理",
            "fle": "乱丢垃圾"
        },
        {
            "name": "6号楼201室乱丢垃圾问题",
            "time": "2019-12-24",
            "type": "已处理",
            "fle": "乱丢垃圾"
        }
    ]
}