{
    "code": 0,
    "msg": "",
    "count": 5,
    "data": [{
            "type": "高空抛物",
            "time": "2019-12-24",
            "user": "银桥居委",
            "content": "6号楼202室高空抛物问题"
        },
        {
            "type": "高空抛物",
            "time": "2019-12-25",
            "user": "银桥居委",
            "content": "2号楼101室高空抛物问题"
        },
        {
            "type": "高空抛物",
            "time": "2019-12-24",
            "user": "银桥居委",
            "content": "3号楼302室高空抛物问题"
        },
        {
            "type": "高空抛物",
            "time": "2019-12-23",
            "user": "银桥居委",
            "content": "6号楼202室高空抛物问题"
        },
        {
            "type": "高空抛物",
            "time": "2019-12-16",
            "user": "银桥居委",
            "content": "4号楼102室高空抛物问题"
        }
    ]
}