{
    "code": 0,
    "msg": "",
    "count": 5,
    "data": [{
            "type": "乱停车",
            "time": "2019-12-18",
            "user": "银桥居委",
            "content": "6号楼202室乱停车问题"
        },
        {
            "type": "乱停车",
            "time": "2019-12-25",
            "user": "银桥居委",
            "content": "2号楼101室乱停车问题"
        },
        {
            "type": "乱停车",
            "time": "2019-12-16",
            "user": "银桥居委",
            "content": "3号楼302室乱停车问题"
        },
        {
            "type": "乱停车",
            "time": "2019-12-24",
            "user": "银桥居委",
            "content": "6号楼202室乱停车问题"
        },
        {
            "type": "乱停车",
            "time": "2019-12-15",
            "user": "银桥居委",
            "content": "4号楼102室乱停车问题"
        }
    ]
}