{
    "code": 0,
    "msg": "",
    "count": 5,
    "data": [{
            "name": "王凯",
            "time": "2019-12-24 09:01至2019-12-24 12:01",
            "type": "已完成",
            "address": "1单元-6单元",
            "yes": "否"
        },
        {
            "name": "赵丽",
            "time": "2019-12-23 12:01至2019-12-23 18:01",
            "type": "已完成",
            "address": "2单元-8单元",
            "yes": "否"
        },
        {
            "name": "宋兴",
            "time": "2019-12-23 09:01至2019-12-24 12:01",
            "type": "已完成",
            "address": "2单元-6单元",
            "yes": "否"
        },
        {
            "name": "郑板桥",
            "time": "2019-12-20 12:01至2019-12-20 18:01",
            "type": "已完成",
            "address": "3单元-6单元",
            "yes": "否"
        },
        {
            "name": "刘继英",
            "time": "2019-12-19 12:01至2019-12-19 18:01",
            "type": "已完成",
            "address": "1单元-6单元",
            "yes": "否"
        }
    ]
}