{
    "code": 0,
    "msg": "",
    "count": 5,
    "data": [{
            "name": "录像机",
            "type": "录像机",
            "time": "2018-11-13 09:50",
            "content": "DS-7916N-E41620180711AARRC35127748WCVU",
            "tit":"离线"
        },
        {
            "name": "摄像头1号",
            "type": "摄像头1号",
            "time": "2018-10-30 10:10",
            "content": "DS-7916N-E41620180711ARRC3512127748WCVU-04",
            "tit":"离线"
        },
        {
            "name": "摄像头2号",
            "type": "摄像头2号",
            "time": "2018-10-13 09:50",
            "content": "DS-7916N-E41620180711ARRC3512127748WCVU-05",
            "tit":"离线"
        },
        {
            "name": "摄像头3号",
            "type": "摄像头3号",
            "time": "2018-11-13 09:50",
            "content": "DS-7916N-E41620180711ARRC3512127748WCVU-06",
            "tit":"离线"
        },
        {
            "name": "摄像头4号",
            "type": "摄像头4号",
            "time": "2018-10-13 09:50",
            "content": "DS-7916N-E41620180711ARRC3512127748WCVU-07",
            "tit":"离线"
        }
    ]
}