{
    "code": 0,
    "msg": "",
    "count": 5,
    "data": [{
            "name": "王凯",
            "gender": "男",
            "number": 141034198901062313,
            "phone": 15703413581,
            "time": "2018-11-30 09：50",
            "type": "正常"
        },
        {
            "name": "赵丽",
            "gender": "女",
            "number": 141044199010243361,
            "phone": 15835866881,
            "time": "2018-01-30 10：10",
            "type": "已注销"
        },
        {
            "name": "宋兴",
            "gender": "男",
            "number": 342401199910242672,
            "phone": 18335844818,
            "time": "2018-08-22 09：51",
            "type": "已注销"
        },
        {
            "name": "邱明",
            "gender": "男",
            "number": 141051198210300023,
            "phone": 18714569231,
            "time": "2017-02-30 10：17",
            "type": "已注销"
        },
        {
            "name": "王静",
            "gender": "女",
            "number": 141041199004245671,
            "phone": 18753565521,
            "time": "2016-04-11 12：50",
            "type": "已注销"
        }
    ]
}