{
    "code": 0,
    "msg": "",
    "count": 5,
    "data": [{
            "type": "地下空间",
            "time": "2019-12-18",
            "user": "银桥居委",
            "content": "6号楼202室地下空间问题"
        },
        {
            "type": "地下空间",
            "time": "2019-12-16",
            "user": "银桥居委",
            "content": "2号楼101室地下空间问题"
        },
        {
            "type": "地下空间",
            "time": "2019-12-23",
            "user": "银桥居委",
            "content": "3号楼302室地下空间问题"
        },
        {
            "type": "地下空间",
            "time": "2019-12-20",
            "user": "银桥居委",
            "content": "6号楼202室地下空间问题"
        },
        {
            "type": "地下空间",
            "time": "2019-12-24",
            "user": "银桥居委",
            "content": "4号楼102室地下空间问题"
        }
    ]
}