{
    "code": 0,
    "msg": "",
    "count": 5,
    "data": [{
            "type": "落水",
            "time": "2019-12-21",
            "user": "银桥居委",
            "content": "6号楼202室落水问题"
        },
        {
            "type": "落水",
            "time": "2019-12-23",
            "user": "银桥居委",
            "content": "2号楼101室落水问题"
        },
        {
            "type": "落水",
            "time": "2019-12-24",
            "user": "银桥居委",
            "content": "3号楼302室落水问题"
        },
        {
            "type": "落水",
            "time": "2019-12-16",
            "user": "银桥居委",
            "content": "6号楼202室落水问题"
        },
        {
            "type": "落水",
            "time": "2019-12-15",
            "user": "银桥居委",
            "content": "4号楼102室落水问题"
        }
    ]
}