{
    "code": 0,
    "msg": "",
    "count": 5,
    "data": [{
            "type": "飞线充电",
            "time": "2019-12-21",
            "user": "银桥居委",
            "content": "6号楼202室飞线充电问题"
        },
        {
            "type": "飞线充电",
            "time": "2019-12-20",
            "user": "银桥居委",
            "content": "2号楼101室飞线充电问题"
        },
        {
            "type": "飞线充电",
            "time": "2019-12-24",
            "user": "银桥居委",
            "content": "3号楼302室飞线充电问题"
        },
        {
            "type": "飞线充电",
            "time": "2019-12-23",
            "user": "银桥居委",
            "content": "6号楼202室飞线充电问题"
        },
        {
            "type": "飞线充电",
            "time": "2019-12-18",
            "user": "银桥居委",
            "content": "4号楼102室飞线充电问题"
        }
    ]
}