{
    "code": 0,
    "msg": "",
    "count": 5,
    "data": [{
            "name": "金地物业",
            "user": "王凯",
            "number": "hp062313",
            "fle": 2,
            "bos": "王凯",
            "phone":13133175721
        },
        {
            "name": "大江物业",
            "user": "赵丽",
            "number": "hp12580",
            "fle": 1,
            "bos": "赵丽",
            "phone":15835782615
        },
        {
            "name": "温馨物业",
            "user": "宋兴",
            "number": "hp14400",
            "fle": 3,
            "bos": "宋兴",
            "phone":19199179829
        },
        {
            "name": "方正物业",
            "user": "邱明",
            "number": "hp12424",
            "fle": 1,
            "bos": "邱明",
            "phone":17812348561
        },
        {
            "name": "速八物业",
            "user": "钱亮",
            "number": "hp13251",
            "fle": 3,
            "bos": "钱亮",
            "phone":15858382897
        }
    ]
}