{
    "code": 0,
    "msg": "",
    "count": 5,
    "data": [{
            "type": "狗便便",
            "time": "2019-12-23",
            "user": "银桥居委",
            "content": "6号楼202室狗便便问题"
        },
        {
            "type": "狗便便",
            "time": "2019-12-25",
            "user": "银桥居委",
            "content": "2号楼101室狗便便问题"
        },
        {
            "type": "狗便便",
            "time": "2019-12-24",
            "user": "银桥居委",
            "content": "3号楼302室狗便便问题"
        },
        {
            "type": "狗便便",
            "time": "2019-12-13",
            "user": "银桥居委",
            "content": "6号楼202室狗便便问题"
        },
        {
            "type": "狗便便",
            "time": "2019-12-26",
            "user": "银桥居委",
            "content": "4号楼102室狗便便问题"
        }
    ]
}