{
    "code": 0,
    "msg": "",
    "count": 5,
    "data": [{
            "type": "乱丢垃圾",
            "time": "2019-12-24",
            "user": "银桥居委",
            "content": "6号楼202室乱丢垃圾问题"
        },
        {
            "type": "乱丢垃圾",
            "time": "2019-12-24",
            "user": "银桥居委",
            "content": "2号楼101室乱丢垃圾问题"
        },
        {
            "type": "乱丢垃圾",
            "time": "2019-12-24",
            "user": "银桥居委",
            "content": "3号楼302室乱丢垃圾问题"
        },
        {
            "type": "乱丢垃圾",
            "time": "2019-12-24",
            "user": "银桥居委",
            "content": "6号楼202室乱丢垃圾问题"
        },
        {
            "type": "乱丢垃圾",
            "time": "2019-12-24",
            "user": "银桥居委",
            "content": "4号楼102室乱丢垃圾问题"
        }
    ]
}