{
    "code": 0,
    "msg": "",
    "count": 5,
    "data": [{
            "name": "王凯",
            "type": "在职",
            "hukou": "城市",
            "fle": "本科",
            "number": 141034198201062557,
            "phone":13133175721
        },
        {
            "name": "赵丽",
            "type": "在职",
            "hukou": "城市",
            "fle": "本科",
            "number": 342401199810232672,
            "phone":18714548621
        },
        {
            "name": "宋兴",
            "type": "在职",
            "hukou": "农村",
            "fle": "本科",
            "number": 141034198201062667,
            "phone":18868818684
        },
        {
            "name": "钟勇",
            "type": "在职",
            "hukou": "城市",
            "fle": "本科",
            "number": 141034199910256221,
            "phone":15714567891
        },
        {
            "name": "谢磊",
            "type": "在职",
            "hukou": "城市",
            "fle": "本科",
            "number": 342401199910275491,
            "phone":18845627351
        }
    ]
}