{
    "code": 0,
    "msg": "",
    "count": 5,
    "data": [{
            "type": "打架",
            "time": "2019-12-25",
            "user": "银桥居委",
            "content": "6号楼202室打架问题"
        },
        {
            "type": "打架",
            "time": "2019-12-16",
            "user": "银桥居委",
            "content": "2号楼101室打架问题"
        },
        {
            "type": "打架",
            "time": "2019-12-19",
            "user": "银桥居委",
            "content": "3号楼302室打架问题"
        },
        {
            "type": "打架",
            "time": "2019-12-21",
            "user": "银桥居委",
            "content": "6号楼202室打架问题"
        },
        {
            "type": "打架",
            "time": "2019-12-24",
            "user": "银桥居委",
            "content": "4号楼102室打架问题"
        }
    ]
}