{
    "code": 0,
    "msg": "",
    "count": 5,
    "data": [{
            "type": "掩门",
            "time": "2019-12-17",
            "user": "银桥居委",
            "content": "6号楼202室掩门问题"
        },
        {
            "type": "掩门",
            "time": "2019-12-12",
            "user": "银桥居委",
            "content": "2号楼101室掩门问题"
        },
        {
            "type": "掩门",
            "time": "2019-12-24",
            "user": "银桥居委",
            "content": "3号楼302室掩门问题"
        },
        {
            "type": "掩门",
            "time": "2019-12-25",
            "user": "银桥居委",
            "content": "6号楼202室掩门问题"
        },
        {
            "type": "掩门",
            "time": "2019-12-23",
            "user": "银桥居委",
            "content": "4号楼102室掩门问题"
        }
    ]
}