{
    "code": 0,
    "msg": "",
    "count": 5,
    "data": [{
            "type": "火灾烟感",
            "time": "2019-12-12",
            "user": "银桥居委",
            "content": "6号楼202室火灾烟感问题"
        },
        {
            "type": "火灾烟感",
            "time": "2019-12-25",
            "user": "银桥居委",
            "content": "2号楼101室火灾烟感问题"
        },
        {
            "type": "火灾烟感",
            "time": "2019-12-24",
            "user": "银桥居委",
            "content": "3号楼302室火灾烟感问题"
        },
        {
            "type": "火灾烟感",
            "time": "2019-12-20",
            "user": "银桥居委",
            "content": "6号楼202室火灾烟感问题"
        },
        {
            "type": "火灾烟感",
            "time": "2019-12-23",
            "user": "银桥居委",
            "content": "4号楼102室火灾烟感问题"
        }
    ]
}