{
    "code": 0,
    "msg": "",
    "count": 5,
    "data": [{
            "louyu": "6号楼202室",
            "name": "王凯",
            "phone": 131133175721,
            "time": "2018-11-13 09:50",
            "type": "租户"
        },
        {
            "louyu": "14号楼101室",
            "name": "赵丽",
            "phone": 15835782861,
            "time": "2018-10-30 10:10",
            "type": "租户"
        },
        {
            "louyu": "4号楼301室",
            "name": "宋兴",
            "phone": 18715458321,
            "time": "2018-10-30 09:51",
            "type": "租户"
        },
        {
            "louyu": "16号楼101室",
            "name": "邱明",
            "phone": 18868818684,
            "time": "2018-10-11 10:00",
            "type": "租户"
        },
        {
            "louyu": "8号楼201室",
            "name": "刘继英",
            "phone": 17856534608,
            "time": "2018-10-29 10:00",
            "type": "租户"
        }
    ]
}