{
    "code": 0,
    "msg": "",
    "count": 5,
    "data": [{
            "ID": "6单元",
            "num": "1号楼",
            "hushi": "202室",
            "number": 2,
            "time": "2018-11-30 09：50",
            "type": "正常"
        },
        {
            "ID": "4单元",
            "num": "1号楼",
            "hushi": "101室",
            "number": 1,
            "time": "2018-10-30 10：10",
            "type": "正常"
        },
        {
            "ID": "4单元",
            "num": "3号楼",
            "hushi": "301室",
            "number": 3,
            "time": "2018-10-30 09：51",
            "type": "已注销"
        },
        {
            "ID": "6单元",
            "num": "2号楼",
            "hushi": "101室",
            "number": 1,
            "time": "2018-10-23 10：17",
            "type": "正常"
        },
        {
            "ID": "8单元",
            "num": "3号楼",
            "hushi": "202室",
            "number": 5,
            "time": "2018-10-10 09：30",
            "type": "已注销"
        }
    ]
}