{
    "code": 0,
    "msg": "",
    "count": 5,
    "data": [{
            "name": "银绣花苑高空抛物问题",
            "time": "2019-12-24",
            "type": "已处理",
            "fle": "高空抛物"
        },
        {
            "name": "浦二小区飞线充电问题",
            "time": "2019-12-23",
            "type": "已处理",
            "fle": "飞线充电"
        },
        {
            "name": "银桥花苑乱停车问题",
            "time": "2019-12-23",
            "type": "已处理",
            "fle": "乱停车"
        },
        {
            "name": "华沙一村乱丢垃圾问题",
            "time": "2019-12-17",
            "type": "已处理",
            "fle": "乱丢垃圾"
        },
        {
            "name": "浦二小区乱丢垃圾问题",
            "time": "2019-12-24",
            "type": "已处理",
            "fle": "乱丢垃圾"
        }
    ]
}