[
    {
        "OPERATEPOINTNAME": "上海隆澜实业有限公司",
        "PARTY": "高军,王润",
        "FOUNDOPERATEPOINTNAME": "浦东新区安全生产监察大队",
        "FUNDTIME": "2019-05-16 15:00:00",
        "ISRECTIFY": "未完成",
        "EXAMINEARTICLENAME": "1-B与2-A仓库之间有集装箱堆放，储存海关送检的危险化学品样品",
        "INPECTIONPANDECTID": 402165
    },
    {
        "OPERATEPOINTNAME": "上海隆澜实业有限公司",
        "PARTY": "高军,王润",
        "FOUNDOPERATEPOINTNAME": "浦东新区安全生产监察大队",
        "FUNDTIME": "2019-05-16 15:00:00",
        "ISRECTIFY": "未完成",
        "EXAMINEARTICLENAME": "单位未及时发现并整改隐患",
        "INPECTIONPANDECTID": 402164
    },
    {
        "OPERATEPOINTNAME": "上海维港精细化工有限公司",
        "PARTY": "朱代忠,金继良,朱春华",
        "FOUNDOPERATEPOINTNAME": "浦东新区安全生产监察大队",
        "FUNDTIME": "2019-05-16 14:59:00",
        "ISRECTIFY": "未完成",
        "EXAMINEARTICLENAME": "企业存在安全隐患未及时发现消除",
        "INPECTIONPANDECTID": 402099
    },
    {
        "OPERATEPOINTNAME": "上海稳富实业有限公司",
        "PARTY": "王润,奚汉章",
        "FOUNDOPERATEPOINTNAME": "浦东新区安全生产监察大队",
        "FUNDTIME": "2019-05-16 11:09:00",
        "ISRECTIFY": "未完成",
        "EXAMINEARTICLENAME": "甲乙类仓库逃生门未接地",
        "INPECTIONPANDECTID": 402096
    },
    {
        "OPERATEPOINTNAME": "上海高桥大同净水材料有限公司",
        "PARTY": "金继良,朱代忠,朱春华",
        "FOUNDOPERATEPOINTNAME": "浦东新区安全生产监察大队",
        "FUNDTIME": "2019-05-14 15:50:00",
        "ISRECTIFY": "未完成",
        "EXAMINEARTICLENAME": "企业作业现场存在安全隐患",
        "INPECTIONPANDECTID": 401838
    },
    {
        "OPERATEPOINTNAME": "上海鸿盛工业气体有限公司",
        "PARTY": "王鹏飞,潘杰,潘燕云",
        "FOUNDOPERATEPOINTNAME": "浦东新区安全生产监察大队",
        "FUNDTIME": "2019-05-09 16:30:00",
        "ISRECTIFY": "未完成",
        "EXAMINEARTICLENAME": "未及时发现并消除事故隐患",
        "INPECTIONPANDECTID": 401436
    },
    {
        "OPERATEPOINTNAME": "上海上药信谊药厂有限公司制药二厂",
        "PARTY": "高军,王润",
        "FOUNDOPERATEPOINTNAME": "浦东新区安全生产监察大队",
        "FUNDTIME": "2019-05-09 16:15:00",
        "ISRECTIFY": "未完成",
        "EXAMINEARTICLENAME": "可燃气体报警仪未能做到24小时值守",
        "INPECTIONPANDECTID": 401302
    },
    {
        "OPERATEPOINTNAME": "上海石油天然气有限公司天然气处理厂",
        "PARTY": "王鹏飞,潘杰,潘燕云",
        "FOUNDOPERATEPOINTNAME": "浦东新区安全生产监察大队",
        "FUNDTIME": "2019-05-09 14:30:00",
        "ISRECTIFY": "未完成",
        "EXAMINEARTICLENAME": "安全警示标识不规范；2号乙烷（脱）液位现场无高低液位标识；罐区踏步处缺少人体静电导除装置等",
        "INPECTIONPANDECTID": 401437
    },
    {
        "OPERATEPOINTNAME": "奇华顿食用香精香料(上海)有限公司",
        "PARTY": "高军,王润",
        "FOUNDOPERATEPOINTNAME": "浦东新区安全生产监察大队",
        "FUNDTIME": "2019-05-09 11:55:00",
        "ISRECTIFY": "未完成",
        "EXAMINEARTICLENAME": "生产区、仓库存放区内SDS配备不全，可燃气体报警仪设置在无人房间内，室外管道无流向标识，乙醇罐区部分法兰无跨接",
        "INPECTIONPANDECTID": 401260
    },
    {
        "OPERATEPOINTNAME": "液化空气（上海）国际贸易有限公司",
        "PARTY": "王鹏飞,潘杰,潘燕云",
        "FOUNDOPERATEPOINTNAME": "浦东新区安全生产监察大队",
        "FUNDTIME": "2019-05-09 11:10:00",
        "ISRECTIFY": "未完成",
        "EXAMINEARTICLENAME": "应急预案备案未见有效版本；有毒气体探头检定报告未见；3号库氨气泄露应急处理措施缺失",
        "INPECTIONPANDECTID": 401428
    },
    {
        "OPERATEPOINTNAME": "比欧西气体(苏州)有限公司上海分公司",
        "PARTY": "陈道清,高军",
        "FOUNDOPERATEPOINTNAME": "浦东新区安全生产监察大队",
        "FUNDTIME": "2019-05-07 14:23:00",
        "ISRECTIFY": "未完成",
        "EXAMINEARTICLENAME": "安全阀已过检测有效期，部分接地线腐蚀，部分氢气管道跨接不全",
        "INPECTIONPANDECTID": 400814
    },
    {
        "OPERATEPOINTNAME": "上海运泽实业有限公司",
        "PARTY": "朱代忠,金继良",
        "FOUNDOPERATEPOINTNAME": "浦东新区安全生产监察大队",
        "FUNDTIME": "2019-04-25 17:25:00",
        "ISRECTIFY": "完成",
        "EXAMINEARTICLENAME": "未将危险化学品存放在专用仓库内",
        "INPECTIONPANDECTID": 400288
    },
    {
        "OPERATEPOINTNAME": "上海密尔克卫化工储存有限公司",
        "PARTY": "朱代忠,金继良",
        "FOUNDOPERATEPOINTNAME": "浦东新区安全生产监察大队",
        "FUNDTIME": "2019-04-25 16:30:00",
        "ISRECTIFY": "完成",
        "EXAMINEARTICLENAME": "未将危险化学品储存在专用仓库内",
        "INPECTIONPANDECTID": 400081
    },
    {
        "OPERATEPOINTNAME": "空气化工产品气体（上海）有限公司",
        "PARTY": "朱代忠,金继良,朱春华",
        "FOUNDOPERATEPOINTNAME": "浦东新区安全生产监察大队",
        "FUNDTIME": "2019-04-11 11:36:00",
        "ISRECTIFY": "完成",
        "EXAMINEARTICLENAME": "危险化学品管道流向标识不清晰",
        "INPECTIONPANDECTID": 397227
    },
    {
        "OPERATEPOINTNAME": "上海东士石油化工有限公司",
        "PARTY": "张卫国,陈宇良",
        "FOUNDOPERATEPOINTNAME": "浦东新区安全生产监察大队",
        "FUNDTIME": "2019-01-28 15:30:00",
        "ISRECTIFY": "完成",
        "EXAMINEARTICLENAME": "企业使用塑料桶存放高闪点的危险化学品",
        "INPECTIONPANDECTID": 388823
    },
    {
        "OPERATEPOINTNAME": "德之馨（上海）有限公司",
        "PARTY": "朱军,王萍,张富华",
        "FOUNDOPERATEPOINTNAME": "浦东新区安全生产监察大队",
        "FUNDTIME": "2018-10-15 14:46:00",
        "ISRECTIFY": "完成",
        "EXAMINEARTICLENAME": "安全设施设备的安装、使用等不符合国家或者行业标准",
        "INPECTIONPANDECTID": 373698
    },
    {
        "OPERATEPOINTNAME": "上海国际油漆有限公司",
        "PARTY": "朱军,王萍,张富华",
        "FOUNDOPERATEPOINTNAME": "浦东新区安全生产监察大队",
        "FUNDTIME": "2018-10-09 16:20:00",
        "ISRECTIFY": "完成",
        "EXAMINEARTICLENAME": "未提供有限空间作业应急预案定期演练的记录",
        "INPECTIONPANDECTID": 372819
    },
    {
        "OPERATEPOINTNAME": "上海高纯气体有限公司",
        "PARTY": "朱代忠,金继良",
        "FOUNDOPERATEPOINTNAME": "浦东新区安全生产监察大队",
        "FUNDTIME": "2018-09-28 10:00:00",
        "ISRECTIFY": "完成",
        "EXAMINEARTICLENAME": "未在有限空间作业现场设置安全警示标志",
        "INPECTIONPANDECTID": 371884
    },
    {
        "OPERATEPOINTNAME": "上海东士石油化工有限公司",
        "PARTY": "王鹏飞,潘杰,潘燕云",
        "FOUNDOPERATEPOINTNAME": "浦东新区安全生产监察大队",
        "FUNDTIME": "2018-09-18 11:00:00",
        "ISRECTIFY": "完成",
        "EXAMINEARTICLENAME": "储罐高液位报警故障及洗眼器配置不规范",
        "INPECTIONPANDECTID": 370408
    },
    {
        "OPERATEPOINTNAME": "上海创丰特殊树脂有限公司",
        "PARTY": "张卫国,陈宇良",
        "FOUNDOPERATEPOINTNAME": "浦东新区安全生产监察大队",
        "FUNDTIME": "2018-06-15 14:30:00",
        "ISRECTIFY": "未完成",
        "EXAMINEARTICLENAME": "企业将厂区内空地出租给物流公司",
        "INPECTIONPANDECTID": 360285
    },
    {
        "OPERATEPOINTNAME": "上海东士石油化工有限公司",
        "PARTY": "王鹏飞,金继良,潘杰",
        "FOUNDOPERATEPOINTNAME": "浦东新区安全生产监察大队",
        "FUNDTIME": "2018-06-14 11:30:00",
        "ISRECTIFY": "完成",
        "EXAMINEARTICLENAME": "危险化学品未存放在专用仓库",
        "INPECTIONPANDECTID": 358255
    },
    {
        "OPERATEPOINTNAME": "上海日陆外联发物流有限公司",
        "PARTY": "朱代忠,蒋伟奇",
        "FOUNDOPERATEPOINTNAME": "浦东新区安全生产监察大队",
        "FUNDTIME": "2018-06-11 11:20:00",
        "ISRECTIFY": "完成",
        "EXAMINEARTICLENAME": "未对安全设备进行定期检测",
        "INPECTIONPANDECTID": 357878
    },
    {
        "OPERATEPOINTNAME": "奇华顿日用香精香料（上海）有限公司",
        "PARTY": "王鹏飞,潘杰,潘燕云",
        "FOUNDOPERATEPOINTNAME": "浦东新区安全生产监察大队",
        "FUNDTIME": "2018-06-07 11:40:00",
        "ISRECTIFY": "完成",
        "EXAMINEARTICLENAME": "辅材区西侧中转区堆放有甜橙油（三类易燃液体）",
        "INPECTIONPANDECTID": 356968
    },
    {
        "OPERATEPOINTNAME": "上海运泽实业有限公司",
        "PARTY": "张卫国,毛红娟",
        "FOUNDOPERATEPOINTNAME": "浦东新区安全生产监察大队",
        "FUNDTIME": "2018-05-21 10:30:00",
        "ISRECTIFY": "未完成",
        "EXAMINEARTICLENAME": "乙类库和丙类库中疑似存放甲类危险化学品",
        "INPECTIONPANDECTID": 354299
    },
    {
        "OPERATEPOINTNAME": "上海上药信谊药厂有限公司制药总厂",
        "PARTY": "王鹏飞,潘杰,金继良",
        "FOUNDOPERATEPOINTNAME": "浦东新区安全生产监察大队",
        "FUNDTIME": "2018-04-18 15:00:00",
        "ISRECTIFY": "完成",
        "EXAMINEARTICLENAME": "未对安全设备进行经常性维护、保养",
        "INPECTIONPANDECTID": 350015
    },
    {
        "OPERATEPOINTNAME": "上海航头工业气体经营部",
        "PARTY": "高军,奚汉章",
        "FOUNDOPERATEPOINTNAME": "浦东新区安全生产监察大队",
        "FUNDTIME": "2018-04-17 15:10:00",
        "ISRECTIFY": "完成",
        "EXAMINEARTICLENAME": "危险化学品经营许可证已过有效期，还未办理好延期手续",
        "INPECTIONPANDECTID": 349801
    },
    {
        "OPERATEPOINTNAME": "上海亚远化纺有限公司",
        "PARTY": "高军,奚汉章,胡冬吉",
        "FOUNDOPERATEPOINTNAME": "浦东新区安全生产监察大队",
        "FUNDTIME": "2018-04-12 10:30:00",
        "ISRECTIFY": "完成",
        "EXAMINEARTICLENAME": "3-3仓库内存放了不在定置储存物品品名内的物品（工业用硝化棉（IPA湿））",
        "INPECTIONPANDECTID": 349526
    },
    {
        "OPERATEPOINTNAME": "上海世壮新能源科技有限公司",
        "PARTY": "朱丽华,蔡时事",
        "FOUNDOPERATEPOINTNAME": "老港镇安全生产监察队",
        "FUNDTIME": "2018-04-03 10:00:00",
        "ISRECTIFY": "完成",
        "EXAMINEARTICLENAME": "未设置明显安全标志",
        "INPECTIONPANDECTID": 348301
    },
    {
        "OPERATEPOINTNAME": "上海元邦化工制造有限公司",
        "PARTY": "张卫国,陈宇良",
        "FOUNDOPERATEPOINTNAME": "浦东新区安全生产监察大队",
        "FUNDTIME": "2018-03-29 11:30:00",
        "ISRECTIFY": "完成",
        "EXAMINEARTICLENAME": "企业员工因违反操作规程引发火灾",
        "INPECTIONPANDECTID": 347741
    },
    {
        "OPERATEPOINTNAME": "上海元邦化工制造有限公司",
        "PARTY": "张卫国,陈宇良",
        "FOUNDOPERATEPOINTNAME": "浦东新区安全生产监察大队",
        "FUNDTIME": "2018-03-29 11:30:00",
        "ISRECTIFY": "完成",
        "EXAMINEARTICLENAME": "企业发生火灾事故",
        "INPECTIONPANDECTID": 351213
    },
    {
        "OPERATEPOINTNAME": "上海高桥大同净水材料有限公司",
        "PARTY": "高喆,蔡灿稳",
        "FOUNDOPERATEPOINTNAME": "高桥镇安全生产监察队",
        "FUNDTIME": "2018-03-28 14:03:00",
        "ISRECTIFY": "完成",
        "EXAMINEARTICLENAME": "硫酸氨车间存在电动车违规充电",
        "INPECTIONPANDECTID": 347548
    },
    {
        "OPERATEPOINTNAME": "上海高桥大同净水材料有限公司",
        "PARTY": "高喆,蔡灿稳",
        "FOUNDOPERATEPOINTNAME": "高桥镇安全生产监察队",
        "FUNDTIME": "2018-03-28 14:03:00",
        "ISRECTIFY": "完成",
        "EXAMINEARTICLENAME": "氧乙炔瓶未集中分类堆放",
        "INPECTIONPANDECTID": 347548
    },
    {
        "OPERATEPOINTNAME": "上海高桥大同净水材料有限公司",
        "PARTY": "高喆,蔡灿稳",
        "FOUNDOPERATEPOINTNAME": "高桥镇安全生产监察队",
        "FUNDTIME": "2018-03-28 14:03:00",
        "ISRECTIFY": "完成",
        "EXAMINEARTICLENAME": "部分配电箱未设置明显的安全警示标志",
        "INPECTIONPANDECTID": 347548
    },
    {
        "OPERATEPOINTNAME": "上海航头工业气体经营部",
        "PARTY": "柯建军,陆兴华",
        "FOUNDOPERATEPOINTNAME": "航头镇安全生产监察队",
        "FUNDTIME": "2017-10-26 14:00:00",
        "ISRECTIFY": "完成",
        "EXAMINEARTICLENAME": "生产经营单位未开展应急预案培训，并记录",
        "INPECTIONPANDECTID": 327332
    },
    {
        "OPERATEPOINTNAME": "上海航头工业气体经营部",
        "PARTY": "柯建军,陆兴华",
        "FOUNDOPERATEPOINTNAME": "航头镇安全生产监察队",
        "FUNDTIME": "2017-10-26 14:00:00",
        "ISRECTIFY": "完成",
        "EXAMINEARTICLENAME": "未在有较大危险因素的生产经营场所设置明显的安全警示标志",
        "INPECTIONPANDECTID": 327331
    },
    {
        "OPERATEPOINTNAME": "上海世壮新能源科技有限公司",
        "PARTY": "冯国荣,蔡时事",
        "FOUNDOPERATEPOINTNAME": "老港镇安全生产监察队",
        "FUNDTIME": "2017-10-20 09:00:00",
        "ISRECTIFY": "完成",
        "EXAMINEARTICLENAME": "未制定本单位的生产安全事故应急救援预案",
        "INPECTIONPANDECTID": 325174
    },
    {
        "OPERATEPOINTNAME": "上海世壮新能源科技有限公司",
        "PARTY": "杨晓东,施前伟",
        "FOUNDOPERATEPOINTNAME": "老港镇安全生产监察队",
        "FUNDTIME": "2017-09-29 14:40:00",
        "ISRECTIFY": "完成",
        "EXAMINEARTICLENAME": "未建立事故隐患排查治理制度",
        "INPECTIONPANDECTID": 323354
    },
    {
        "OPERATEPOINTNAME": "上海亿升海运仓储有限公司",
        "PARTY": "季广军,宋红",
        "FOUNDOPERATEPOINTNAME": "浦东新区安全生产监察大队",
        "FUNDTIME": "2017-09-13 15:20:00",
        "ISRECTIFY": "完成",
        "EXAMINEARTICLENAME": "未对安全设备进行经常性维护和保养",
        "INPECTIONPANDECTID": 322371
    },
    {
        "OPERATEPOINTNAME": "上海丽珠制药有限公司",
        "PARTY": "姜忠涛,潘建春",
        "FOUNDOPERATEPOINTNAME": "金桥镇安全生产监察所",
        "FUNDTIME": "2017-09-13 11:00:00",
        "ISRECTIFY": "完成",
        "EXAMINEARTICLENAME": "企业无近期的安全现状评价报告。",
        "INPECTIONPANDECTID": 320714
    },
    {
        "OPERATEPOINTNAME": "雅博色彩科技（上海）有限公司",
        "PARTY": "高军,杨德胜",
        "FOUNDOPERATEPOINTNAME": "浦东新区安全生产监察大队",
        "FUNDTIME": "2017-09-12 12:00:00",
        "ISRECTIFY": "完成",
        "EXAMINEARTICLENAME": "未采取措施消除事故隐患",
        "INPECTIONPANDECTID": 323981
    },
    {
        "OPERATEPOINTNAME": "上海航头工业气体经营部",
        "PARTY": "柯建军,蒋晓倩",
        "FOUNDOPERATEPOINTNAME": "航头镇安全生产监察队",
        "FUNDTIME": "2017-09-06 09:50:00",
        "ISRECTIFY": "完成",
        "EXAMINEARTICLENAME": "仓库上下货区域侧面未加装防撞条；仓库入口警示标志破损；仓库靠西南侧库瓶未采取防倾倒措施",
        "INPECTIONPANDECTID": 320018
    },
    {
        "OPERATEPOINTNAME": "上海国际油漆有限公司",
        "PARTY": "朱军,张富华",
        "FOUNDOPERATEPOINTNAME": "浦东新区安全生产监察大队",
        "FUNDTIME": "2017-09-04 14:26:00",
        "ISRECTIFY": "完成",
        "EXAMINEARTICLENAME": "调漆间的设立未经安全生产相关许可",
        "INPECTIONPANDECTID": 319785
    },
    {
        "OPERATEPOINTNAME": "中石化上海石油储运配送分公司高桥石油站",
        "PARTY": "季广军,宋红",
        "FOUNDOPERATEPOINTNAME": "浦东新区安全生产监察大队",
        "FUNDTIME": "2017-08-16 14:30:00",
        "ISRECTIFY": "完成",
        "EXAMINEARTICLENAME": "危险化学品经营许可证过期未取得新证",
        "INPECTIONPANDECTID": 316691
    },
    {
        "OPERATEPOINTNAME": "上海高桥大同净水材料有限公司",
        "PARTY": "葛向山,张枫,朱贤忠",
        "FOUNDOPERATEPOINTNAME": "高桥镇安全生产监察队",
        "FUNDTIME": "2017-08-10 09:20:00",
        "ISRECTIFY": "完成",
        "EXAMINEARTICLENAME": "1、办公大楼部分灭火器失效（指针在红区）",
        "INPECTIONPANDECTID": 316324
    },
    {
        "OPERATEPOINTNAME": "上海舜胜高分子有限公司",
        "PARTY": "王春军,李磊",
        "FOUNDOPERATEPOINTNAME": "老港镇安全生产监察队",
        "FUNDTIME": "2017-07-04 09:05:00",
        "ISRECTIFY": "完成",
        "EXAMINEARTICLENAME": "未落实应急预案规定的应急物资及装备。",
        "INPECTIONPANDECTID": 310804
    },
    {
        "OPERATEPOINTNAME": "上海天地涂料有限公司",
        "PARTY": "朱军,张富华",
        "FOUNDOPERATEPOINTNAME": "浦东新区安全生产监察大队",
        "FUNDTIME": "2017-06-29 14:50:00",
        "ISRECTIFY": "完成",
        "EXAMINEARTICLENAME": "三楼西侧杂物间放置有20桶柴油，存在安全隐患",
        "INPECTIONPANDECTID": 310256
    },
    {
        "OPERATEPOINTNAME": "上海南汇兴绿精细化工厂",
        "PARTY": "张卫国,陈宇良",
        "FOUNDOPERATEPOINTNAME": "浦东新区安全生产监察大队",
        "FUNDTIME": "2017-06-27 10:27:00",
        "ISRECTIFY": "未完成",
        "EXAMINEARTICLENAME": "企业安全生产许可证在2016年3月26日到期，尚未取得新的安全生产许可证",
        "INPECTIONPANDECTID": 309476
    },
    {
        "OPERATEPOINTNAME": "德之馨（上海）有限公司",
        "PARTY": "朱代忠,张卫国",
        "FOUNDOPERATEPOINTNAME": "浦东新区安全生产监察大队",
        "FUNDTIME": "2017-06-23 11:35:00",
        "ISRECTIFY": "完成",
        "EXAMINEARTICLENAME": "违反操作规程或者安全管理规定从事作业",
        "INPECTIONPANDECTID": 309312
    },
    {
        "OPERATEPOINTNAME": "德之馨（上海）有限公司",
        "PARTY": "朱代忠,张卫国",
        "FOUNDOPERATEPOINTNAME": "浦东新区安全生产监察大队",
        "FUNDTIME": "2017-06-23 11:35:00",
        "ISRECTIFY": "完成",
        "EXAMINEARTICLENAME": "指令或者放任从业人员违反操作规程或者安全管理规定从事作业；",
        "INPECTIONPANDECTID": 309312
    },
    {
        "OPERATEPOINTNAME": "德之馨（上海）有限公司",
        "PARTY": "朱代忠,张卫国",
        "FOUNDOPERATEPOINTNAME": "浦东新区安全生产监察大队",
        "FUNDTIME": "2017-06-23 11:00:00",
        "ISRECTIFY": "完成",
        "EXAMINEARTICLENAME": "危险化学品储罐跨线管道未设置明显的标志（限高标志）危险化学品管理类",
        "INPECTIONPANDECTID": 309323
    },
    {
        "OPERATEPOINTNAME": "普莱克斯（上海）半导体气体有限公司",
        "PARTY": "张卫国,朱代忠",
        "FOUNDOPERATEPOINTNAME": "浦东新区安全生产监察大队",
        "FUNDTIME": "2017-06-22 12:00:00",
        "ISRECTIFY": "完成",
        "EXAMINEARTICLENAME": "液氮罐卸料口未见警示标识",
        "INPECTIONPANDECTID": 309284
    },
    {
        "OPERATEPOINTNAME": "普莱克斯（上海）半导体气体有限公司",
        "PARTY": "张卫国,朱代忠",
        "FOUNDOPERATEPOINTNAME": "浦东新区安全生产监察大队",
        "FUNDTIME": "2017-06-22 11:30:00",
        "ISRECTIFY": "完成",
        "EXAMINEARTICLENAME": "未按规范执行动火票审批的情况下开展动火作业",
        "INPECTIONPANDECTID": 309281
    },
    {
        "OPERATEPOINTNAME": "上海高砂·鉴臣香料有限公司",
        "PARTY": "朱军,张富华",
        "FOUNDOPERATEPOINTNAME": "浦东新区安全生产监察大队",
        "FUNDTIME": "2017-06-02 16:05:00",
        "ISRECTIFY": "完成",
        "EXAMINEARTICLENAME": "未取得安全生产许可证擅自进行生产",
        "INPECTIONPANDECTID": 306179
    },
    {
        "OPERATEPOINTNAME": "上海蒙明仓储有限公司",
        "PARTY": "朱军,张富华",
        "FOUNDOPERATEPOINTNAME": "浦东新区安全生产监察大队",
        "FUNDTIME": "2017-05-04 15:05:00",
        "ISRECTIFY": "完成",
        "EXAMINEARTICLENAME": "进库车辆未按《危险品仓库出入库核查登记制度》进行登记核查",
        "INPECTIONPANDECTID": 302339
    },
    {
        "OPERATEPOINTNAME": "上海舜胜高分子有限公司",
        "PARTY": "王春军,李磊",
        "FOUNDOPERATEPOINTNAME": "老港镇安全生产监察队",
        "FUNDTIME": "2017-04-17 13:10:00",
        "ISRECTIFY": "完成",
        "EXAMINEARTICLENAME": "未按照规定为从业人员提供符合国家标准或行业标志的劳防用品，并未教育从业人员正确佩戴使用。",
        "INPECTIONPANDECTID": 298505
    },
    {
        "OPERATEPOINTNAME": "上海世壮新能源科技有限公司",
        "PARTY": "王春军,李磊",
        "FOUNDOPERATEPOINTNAME": "老港镇安全生产监察队",
        "FUNDTIME": "2017-04-07 09:00:00",
        "ISRECTIFY": "完成",
        "EXAMINEARTICLENAME": "未按照规定为从业人员提供符合国家标准或行业标准的劳防用品，并未教育从业人员正确佩戴使用。",
        "INPECTIONPANDECTID": 297262
    },
    {
        "OPERATEPOINTNAME": "上海凯密特尔化学品有限公司",
        "PARTY": "朱军,张富华",
        "FOUNDOPERATEPOINTNAME": "浦东新区安全生产监察大队",
        "FUNDTIME": "2017-03-23 14:44:00",
        "ISRECTIFY": "完成",
        "EXAMINEARTICLENAME": "未将危险化学品储存在专用仓库内",
        "INPECTIONPANDECTID": 295779
    },
    {
        "OPERATEPOINTNAME": "上海双基药业有限公司",
        "PARTY": "朱代忠,朱春华",
        "FOUNDOPERATEPOINTNAME": "浦东新区安全生产监察大队",
        "FUNDTIME": "2017-03-21 15:20:00",
        "ISRECTIFY": "完成",
        "EXAMINEARTICLENAME": "未建立劳动者个人职业健康监护档案案",
        "INPECTIONPANDECTID": 295031
    },
    {
        "OPERATEPOINTNAME": "上海蒙明仓储有限公司",
        "PARTY": "季广军,宋红",
        "FOUNDOPERATEPOINTNAME": "浦东新区安全生产监察大队",
        "FUNDTIME": "2017-03-15 14:40:00",
        "ISRECTIFY": "完成",
        "EXAMINEARTICLENAME": "危险化学品未储存到专用仓库",
        "INPECTIONPANDECTID": 293970
    },
    {
        "OPERATEPOINTNAME": "映瑞光电科技（上海）有限公司",
        "PARTY": "朱军,张富华",
        "FOUNDOPERATEPOINTNAME": "浦东新区安全生产监察大队",
        "FUNDTIME": "2017-03-09 15:10:00",
        "ISRECTIFY": "完成",
        "EXAMINEARTICLENAME": "防爆、监测安全设施设备未按有关规定进行经常性的维护、保养",
        "INPECTIONPANDECTID": 293383
    },
    {
        "OPERATEPOINTNAME": "上海新亚药业有限公司新先峰制药厂",
        "PARTY": "张卫国,陈宇良",
        "FOUNDOPERATEPOINTNAME": "浦东新区安全生产监察大队",
        "FUNDTIME": "2017-01-11 11:00:00",
        "ISRECTIFY": "未完成",
        "EXAMINEARTICLENAME": "检查时未见到防爆电器的检测报告",
        "INPECTIONPANDECTID": 285728
    },
    {
        "OPERATEPOINTNAME": "上海天地涂料有限公司",
        "PARTY": "朱军,张富华",
        "FOUNDOPERATEPOINTNAME": "浦东新区安全生产监察大队",
        "FUNDTIME": "2016-11-18 15:50:00",
        "ISRECTIFY": "完成",
        "EXAMINEARTICLENAME": "甲类生产车间第三层西侧设置危险化学品存放区",
        "INPECTIONPANDECTID": 278411
    },
    {
        "OPERATEPOINTNAME": "上海牡丹香精香料有限公司",
        "PARTY": "朱军,张富华",
        "FOUNDOPERATEPOINTNAME": "浦东新区安全生产监察大队",
        "FUNDTIME": "2016-10-10 15:55:00",
        "ISRECTIFY": "完成",
        "EXAMINEARTICLENAME": "车间内堆放危化品（3类易燃液体等）",
        "INPECTIONPANDECTID": 271221
    },
    {
        "OPERATEPOINTNAME": "上海新亚药业有限公司新先峰制药厂",
        "PARTY": "朱军,张富华",
        "FOUNDOPERATEPOINTNAME": "浦东新区安全生产监察大队",
        "FUNDTIME": "2016-09-18 15:30:00",
        "ISRECTIFY": "完成",
        "EXAMINEARTICLENAME": "特种作业人员（制冷与空调设备运行操作作业）无证上岗作业",
        "INPECTIONPANDECTID": 268585
    },
    {
        "OPERATEPOINTNAME": "上海创丰特殊树脂有限公司",
        "PARTY": "王鹏飞,金继良",
        "FOUNDOPERATEPOINTNAME": "浦东新区安全生产监察大队",
        "FUNDTIME": "2016-09-12 12:00:00",
        "ISRECTIFY": "完成",
        "EXAMINEARTICLENAME": "未对承租单位进行统一协调、管理和定期检查",
        "INPECTIONPANDECTID": 267553
    },
    {
        "OPERATEPOINTNAME": "上海元邦化工制造有限公司",
        "PARTY": "王鹏飞,金继良",
        "FOUNDOPERATEPOINTNAME": "浦东新区安全生产监察大队",
        "FUNDTIME": "2016-09-12 09:55:00",
        "ISRECTIFY": "完成",
        "EXAMINEARTICLENAME": "未对承租单位进行统一协调、管理，安全检查",
        "INPECTIONPANDECTID": 267538
    },
    {
        "OPERATEPOINTNAME": "上海世壮新能源科技有限公司",
        "PARTY": "杨胜军,杨晓东,施前伟",
        "FOUNDOPERATEPOINTNAME": "老港镇安全生产监察队",
        "FUNDTIME": "2016-09-02 09:00:00",
        "ISRECTIFY": "完成",
        "EXAMINEARTICLENAME": "危险化学品储存项目建设时未进行安全审查",
        "INPECTIONPANDECTID": 273625
    },
    {
        "OPERATEPOINTNAME": "上海周浦冷藏有限公司",
        "PARTY": "朱军,张富华",
        "FOUNDOPERATEPOINTNAME": "浦东新区安全生产监察大队",
        "FUNDTIME": "2016-08-15 10:49:00",
        "ISRECTIFY": "完成",
        "EXAMINEARTICLENAME": "液氨制冷机房未根据危险化学品特性使用防爆电气设施设备",
        "INPECTIONPANDECTID": 262661
    },
    {
        "OPERATEPOINTNAME": "上海世壮新能源科技有限公司",
        "PARTY": "杨胜军,王春军",
        "FOUNDOPERATEPOINTNAME": "老港镇安全生产监察队",
        "FUNDTIME": "2016-08-08 09:40:00",
        "ISRECTIFY": "完成",
        "EXAMINEARTICLENAME": "未对在岗期间职工职业卫生培训。",
        "INPECTIONPANDECTID": 261349
    },
    {
        "OPERATEPOINTNAME": "上海稳富实业有限公司",
        "PARTY": "高军,王润",
        "FOUNDOPERATEPOINTNAME": "浦东新区安全生产监察大队",
        "FUNDTIME": "2016-06-17 10:20:00",
        "ISRECTIFY": "完成",
        "EXAMINEARTICLENAME": "未办理好危险化学品经营许可证延期手续",
        "INPECTIONPANDECTID": 253100
    },
    {
        "OPERATEPOINTNAME": "西格玛奥德里奇（上海）贸易有限公司",
        "PARTY": "张卫国,陈宇良",
        "FOUNDOPERATEPOINTNAME": "浦东新区安全生产监察大队",
        "FUNDTIME": "2016-06-02 15:00:00",
        "ISRECTIFY": "完成",
        "EXAMINEARTICLENAME": "危险化学品经营许可证过期",
        "INPECTIONPANDECTID": 251089
    },
    {
        "OPERATEPOINTNAME": "上海振义企业发展有限公司",
        "PARTY": "张卫国,陈宇良",
        "FOUNDOPERATEPOINTNAME": "浦东新区安全生产监察大队",
        "FUNDTIME": "2016-06-02 14:30:00",
        "ISRECTIFY": "完成",
        "EXAMINEARTICLENAME": "危险化学品经营许可证过期",
        "INPECTIONPANDECTID": 251088
    },
    {
        "OPERATEPOINTNAME": "上海浦东伏龙仓储有限公司",
        "PARTY": "张卫国,陈宇良",
        "FOUNDOPERATEPOINTNAME": "浦东新区安全生产监察大队",
        "FUNDTIME": "2016-06-02 14:00:00",
        "ISRECTIFY": "完成",
        "EXAMINEARTICLENAME": "危险化学品经营许可证过期",
        "INPECTIONPANDECTID": 251086
    },
    {
        "OPERATEPOINTNAME": "上海南汇兴绿精细化工厂",
        "PARTY": "高军,王润",
        "FOUNDOPERATEPOINTNAME": "浦东新区安全生产监察大队",
        "FUNDTIME": "2016-05-18 11:05:00",
        "ISRECTIFY": "未完成",
        "EXAMINEARTICLENAME": "安全生产许可证于2016年3月26日到期",
        "INPECTIONPANDECTID": 248637
    },
    {
        "OPERATEPOINTNAME": "上海蒙明仓储有限公司",
        "PARTY": "朱代忠,朱春华",
        "FOUNDOPERATEPOINTNAME": "浦东新区安全生产监察大队",
        "FUNDTIME": "2016-05-16 14:55:00",
        "ISRECTIFY": "完成",
        "EXAMINEARTICLENAME": "未将剧毒化学品储存在专用仓库案",
        "INPECTIONPANDECTID": 248034
    },
    {
        "OPERATEPOINTNAME": "上海归鸿实业有限公司",
        "PARTY": "张卫国,陈宇良",
        "FOUNDOPERATEPOINTNAME": "浦东新区安全生产监察大队",
        "FUNDTIME": "2016-05-16 12:00:00",
        "ISRECTIFY": "完成",
        "EXAMINEARTICLENAME": "企业发生火灾",
        "INPECTIONPANDECTID": 247757
    },
    {
        "OPERATEPOINTNAME": "液化空气（上海浦东新区）有限公司",
        "PARTY": "高军,王润",
        "FOUNDOPERATEPOINTNAME": "浦东新区安全生产监察大队",
        "FUNDTIME": "2016-05-06 10:42:00",
        "ISRECTIFY": "完成",
        "EXAMINEARTICLENAME": "液氮储罐扩建建设项目安全设施设计未经审查，擅自建设",
        "INPECTIONPANDECTID": 251066
    },
    {
        "OPERATEPOINTNAME": "盛联精密气体（上海）有限公司",
        "PARTY": "张卫国,陈宇良",
        "FOUNDOPERATEPOINTNAME": "浦东新区安全生产监察大队",
        "FUNDTIME": "2016-04-06 15:25:00",
        "ISRECTIFY": "完成",
        "EXAMINEARTICLENAME": "危化品经营许可证已经过期",
        "INPECTIONPANDECTID": 241700
    },
    {
        "OPERATEPOINTNAME": "盛联精密气体（上海）有限公司",
        "PARTY": "张卫国,陈宇良",
        "FOUNDOPERATEPOINTNAME": "浦东新区安全生产监察大队",
        "FUNDTIME": "2016-04-06 15:25:00",
        "ISRECTIFY": "完成",
        "EXAMINEARTICLENAME": "安全生产许可证已经过期",
        "INPECTIONPANDECTID": 241706
    },
    {
        "OPERATEPOINTNAME": "日陆物流（上海）有限公司",
        "PARTY": "高军,王润",
        "FOUNDOPERATEPOINTNAME": "浦东新区安全生产监察大队",
        "FUNDTIME": "2016-02-04 16:10:00",
        "ISRECTIFY": "完成",
        "EXAMINEARTICLENAME": "生产经营单位未及时采取措施消除事故隐患",
        "INPECTIONPANDECTID": 232565
    },
    {
        "OPERATEPOINTNAME": "上海大宛食品有限公司",
        "PARTY": "朱军,张富华",
        "FOUNDOPERATEPOINTNAME": "浦东新区安全生产监察大队",
        "FUNDTIME": "2015-11-03 14:31:00",
        "ISRECTIFY": "完成",
        "EXAMINEARTICLENAME": "危险化学品作业场所监测防雷的安全设施未按有关规定进行经常性的维护、保养，保证安全设施设备的正常使用",
        "INPECTIONPANDECTID": 217736
    },
    {
        "OPERATEPOINTNAME": "上海庄臣有限公司",
        "PARTY": "朱代忠,宋红,潘杰",
        "FOUNDOPERATEPOINTNAME": "浦东新区安全生产监察大队",
        "FUNDTIME": "2015-10-16 13:15:00",
        "ISRECTIFY": "完成",
        "EXAMINEARTICLENAME": "危险化学品仓库内没有安装可燃气体报警仪、烟感探头不防爆；危险化学品仓库两侧搭建了两个简易棚。",
        "INPECTIONPANDECTID": 215888
    },
    {
        "OPERATEPOINTNAME": "雅博色彩科技（上海）有限公司",
        "PARTY": "朱军,张富华",
        "FOUNDOPERATEPOINTNAME": "浦东新区安全生产监察大队",
        "FUNDTIME": "2015-09-25 13:57:00",
        "ISRECTIFY": "完成",
        "EXAMINEARTICLENAME": "未将事故隐患排查治理情况如实记录",
        "INPECTIONPANDECTID": 211584
    },
    {
        "OPERATEPOINTNAME": "上海罗氏制药有限公司",
        "PARTY": "季广军,宋红,吴国忠",
        "FOUNDOPERATEPOINTNAME": "浦东新区安全生产监察大队",
        "FUNDTIME": "2015-09-14 09:31:00",
        "ISRECTIFY": "完成",
        "EXAMINEARTICLENAME": "生产安全事故应急预案未按规定备案",
        "INPECTIONPANDECTID": 208452
    },
    {
        "OPERATEPOINTNAME": "上海罗氏制药有限公司",
        "PARTY": "季广军,宋红,吴国忠,杨林龙",
        "FOUNDOPERATEPOINTNAME": "浦东新区安全生产监察大队",
        "FUNDTIME": "2015-09-10 12:05:00",
        "ISRECTIFY": "完成",
        "EXAMINEARTICLENAME": "危险化学品仓库内强氧化剂、酸、易燃液体等禁忌物混放",
        "INPECTIONPANDECTID": 208458
    },
    {
        "OPERATEPOINTNAME": "上海蒙明仓储有限公司",
        "PARTY": "张卫国,陈宇良",
        "FOUNDOPERATEPOINTNAME": "浦东新区安全生产监察大队",
        "FUNDTIME": "2015-09-10 11:50:00",
        "ISRECTIFY": "完成",
        "EXAMINEARTICLENAME": "企业存放的异己烷、吡啶和哌啶超越危化品经营许可范围",
        "INPECTIONPANDECTID": 209628
    },
    {
        "OPERATEPOINTNAME": "上海日陆外联发物流有限公司",
        "PARTY": "张卫国,陈宇良",
        "FOUNDOPERATEPOINTNAME": "浦东新区安全生产监察大队",
        "FUNDTIME": "2015-08-31 11:15:00",
        "ISRECTIFY": "完成",
        "EXAMINEARTICLENAME": "1-C仓库内存放的危险化学品储存数量超过许可范围的最大储存量",
        "INPECTIONPANDECTID": 206843
    },
    {
        "OPERATEPOINTNAME": "上海浦航石油有限公司",
        "PARTY": "高军,王润",
        "FOUNDOPERATEPOINTNAME": "浦东新区安全生产监察大队",
        "FUNDTIME": "2015-08-28 15:36:00",
        "ISRECTIFY": "完成",
        "EXAMINEARTICLENAME": "中转油库二期扩建的航空煤油储罐未取得危险化学品仓储经营许可从事经营",
        "INPECTIONPANDECTID": 208464
    },
    {
        "OPERATEPOINTNAME": "世天威化工物流（上海）有限公司",
        "PARTY": "张卫国,陈宇良",
        "FOUNDOPERATEPOINTNAME": "浦东新区安全生产监察大队",
        "FUNDTIME": "2015-08-16 12:46:00",
        "ISRECTIFY": "完成",
        "EXAMINEARTICLENAME": "C1仓库内存放的危化品硝酸铜超出你单位的经营许可范围",
        "INPECTIONPANDECTID": 206849
    },
    {
        "OPERATEPOINTNAME": "世天威化工物流（上海）有限公司",
        "PARTY": "张卫国,陈宇良",
        "FOUNDOPERATEPOINTNAME": "浦东新区安全生产监察大队",
        "FUNDTIME": "2015-08-16 12:46:00",
        "ISRECTIFY": "完成",
        "EXAMINEARTICLENAME": "C1仓库内的危化品硝酸铜未存放在可以存放该类危化品的专用仓库",
        "INPECTIONPANDECTID": 206849
    },
    {
        "OPERATEPOINTNAME": "上海舜胜高分子有限公司",
        "PARTY": "杨胜军,蔡时事,赵文官,陈春红",
        "FOUNDOPERATEPOINTNAME": "老港镇安全生产监察队",
        "FUNDTIME": "2015-08-13 14:09:00",
        "ISRECTIFY": "完成",
        "EXAMINEARTICLENAME": "仓库内储存的危险化学品缺少标牌图示",
        "INPECTIONPANDECTID": 202403
    },
    {
        "OPERATEPOINTNAME": "上海蒙明仓储有限公司",
        "PARTY": "张卫国,陈宇良",
        "FOUNDOPERATEPOINTNAME": "浦东新区安全生产监察大队",
        "FUNDTIME": "2015-07-31 15:00:00",
        "ISRECTIFY": "完成",
        "EXAMINEARTICLENAME": "甲基丙烯酸甲酯、丙烯酸和甲基丙烯酸未存放在专用仓库",
        "INPECTIONPANDECTID": 200394
    },
    {
        "OPERATEPOINTNAME": "上海踏浪精细化工有限公司",
        "PARTY": "王美萍,郑  标",
        "FOUNDOPERATEPOINTNAME": "浦东新区安全生产监督管理局",
        "FUNDTIME": "2015-05-07 10:00:00",
        "ISRECTIFY": "完成",
        "EXAMINEARTICLENAME": "稀释剂（环已酮、乙酸丁酯、乙酸乙酯的混合物）包装物上未悬挂与稀释剂相符的化学品安全标签",
        "INPECTIONPANDECTID": 187362
    },
    {
        "OPERATEPOINTNAME": "上海航头工业气体经营部",
        "PARTY": "张强,金继良,杨林龙",
        "FOUNDOPERATEPOINTNAME": "浦东新区安全生产监察大队",
        "FUNDTIME": "2015-04-10 13:35:00",
        "ISRECTIFY": "完成",
        "EXAMINEARTICLENAME": "未按规定将气体空瓶存放在瓶库内",
        "INPECTIONPANDECTID": 180635
    },
    {
        "OPERATEPOINTNAME": "德之馨（上海）有限公司",
        "PARTY": "季广军,李炜",
        "FOUNDOPERATEPOINTNAME": "浦东新区安全生产监察大队",
        "FUNDTIME": "2015-03-25 15:45:00",
        "ISRECTIFY": "完成",
        "EXAMINEARTICLENAME": "危险品仓库试运行期间，未按规定对职业病防护设施进行职业病危害控制效果评价。",
        "INPECTIONPANDECTID": 179136
    },
    {
        "OPERATEPOINTNAME": "德之馨（上海）有限公司",
        "PARTY": "季广军,李炜",
        "FOUNDOPERATEPOINTNAME": "浦东新区安全生产监察大队",
        "FUNDTIME": "2015-03-25 15:45:00",
        "ISRECTIFY": "完成",
        "EXAMINEARTICLENAME": "危险化学品仓库未进行竣工验收，投入使用。",
        "INPECTIONPANDECTID": 179125
    },
    {
        "OPERATEPOINTNAME": "上海双基药业有限公司",
        "PARTY": "朱军,王萍",
        "FOUNDOPERATEPOINTNAME": "浦东新区安全生产监察大队",
        "FUNDTIME": "2015-02-11 14:13:00",
        "ISRECTIFY": "完成",
        "EXAMINEARTICLENAME": "未根据危化品特性设置相应的防泄漏、防静电的安全设施设备",
        "INPECTIONPANDECTID": 171902
    },
    {
        "OPERATEPOINTNAME": "上海航头工业气体经营部",
        "PARTY": "汪跃军,蒋晓倩,方海华,蔡立安,吴超琴",
        "FOUNDOPERATEPOINTNAME": "航头镇安全生产监察队",
        "FUNDTIME": "2015-02-05 10:10:00",
        "ISRECTIFY": "完成",
        "EXAMINEARTICLENAME": "1、瓶库区域禁火标识模糊不清，需重新标识。2、瓶库区域内一辆叉车未加装防火罩。3、严禁外来车辆进入危险区域。",
        "INPECTIONPANDECTID": 170736
    },
    {
        "OPERATEPOINTNAME": "上海周浦冷藏有限公司",
        "PARTY": "王晔,顾才亭",
        "FOUNDOPERATEPOINTNAME": "周浦镇安全生产监察所",
        "FUNDTIME": "2015-02-03 14:18:00",
        "ISRECTIFY": "完成",
        "EXAMINEARTICLENAME": "氨机房加强日常管理和维护。",
        "INPECTIONPANDECTID": 170268
    },
    {
        "OPERATEPOINTNAME": "上海医药（集团）有限公司信谊制药二厂",
        "PARTY": "高军,王润,胡冬吉",
        "FOUNDOPERATEPOINTNAME": "浦东新区安全生产监察大队",
        "FUNDTIME": "2015-01-08 14:30:00",
        "ISRECTIFY": "完成",
        "EXAMINEARTICLENAME": "未如实申报本单位工作场所的职业病危害因素。",
        "INPECTIONPANDECTID": 164435
    },
    {
        "OPERATEPOINTNAME": "上海高桥大同净水材料有限公司",
        "PARTY": "彭志斌,葛向山",
        "FOUNDOPERATEPOINTNAME": "高桥镇安全生产监察队",
        "FUNDTIME": "2014-12-18 10:25:00",
        "ISRECTIFY": "完成",
        "EXAMINEARTICLENAME": "1、投料车间生产环境较差",
        "INPECTIONPANDECTID": 159943
    },
    {
        "OPERATEPOINTNAME": "上海高桥大同净水材料有限公司",
        "PARTY": "彭志斌,葛向山",
        "FOUNDOPERATEPOINTNAME": "高桥镇安全生产监察队",
        "FUNDTIME": "2014-12-18 10:25:00",
        "ISRECTIFY": "完成",
        "EXAMINEARTICLENAME": "2、厂区有易燃废旧木料堆放",
        "INPECTIONPANDECTID": 159943
    },
    {
        "OPERATEPOINTNAME": "上海高桥大同净水材料有限公司",
        "PARTY": "彭志斌,葛向山",
        "FOUNDOPERATEPOINTNAME": "高桥镇安全生产监察队",
        "FUNDTIME": "2014-11-05 11:20:00",
        "ISRECTIFY": "完成",
        "EXAMINEARTICLENAME": "1、厂区内有少量废旧木柴作为锅炉燃料堆放不符合消防要求",
        "INPECTIONPANDECTID": 151794
    },
    {
        "OPERATEPOINTNAME": "上海国际油漆有限公司",
        "PARTY": "潘杰,季广军",
        "FOUNDOPERATEPOINTNAME": "浦东新区安全生产监察大队",
        "FUNDTIME": "2014-10-17 11:30:00",
        "ISRECTIFY": "完成",
        "EXAMINEARTICLENAME": "大量危险化学品（三类易燃品）未放置在专用仓库内。",
        "INPECTIONPANDECTID": 148782
    },
    {
        "OPERATEPOINTNAME": "上海国际油漆有限公司",
        "PARTY": "潘杰,季广军",
        "FOUNDOPERATEPOINTNAME": "浦东新区安全生产监察大队",
        "FUNDTIME": "2014-10-17 11:30:00",
        "ISRECTIFY": "完成",
        "EXAMINEARTICLENAME": "原料仓库（乙类）未设置安全生产标牌图示（四牌一图）。",
        "INPECTIONPANDECTID": 148792
    },
    {
        "OPERATEPOINTNAME": "上海光和气体工业气体有限公司大团分公司",
        "PARTY": "孙新观,盛明君",
        "FOUNDOPERATEPOINTNAME": "大团镇安全生产监察队",
        "FUNDTIME": "2014-10-17 09:40:00",
        "ISRECTIFY": "完成",
        "EXAMINEARTICLENAME": "车库内存放多瓶空瓶的乙炔气、氧气、丙烷。",
        "INPECTIONPANDECTID": 148435
    },
    {
        "OPERATEPOINTNAME": "上海光和气体工业气体有限公司大团分公司",
        "PARTY": "孙新观,盛明君",
        "FOUNDOPERATEPOINTNAME": "大团镇安全生产监察队",
        "FUNDTIME": "2014-09-18 09:40:00",
        "ISRECTIFY": "完成",
        "EXAMINEARTICLENAME": "检查该公司台账，无法提供安全生产管理机构的书面决定和相关记要",
        "INPECTIONPANDECTID": 140446
    },
    {
        "OPERATEPOINTNAME": "上海高桥大同净水材料有限公司",
        "PARTY": "彭志斌,张长根,葛向山",
        "FOUNDOPERATEPOINTNAME": "高桥镇安全生产监察队",
        "FUNDTIME": "2014-09-11 11:45:00",
        "ISRECTIFY": "完成",
        "EXAMINEARTICLENAME": "1、搅和车间南面一电箱没有接地线",
        "INPECTIONPANDECTID": 142704
    },
    {
        "OPERATEPOINTNAME": "上海高桥大同净水材料有限公司",
        "PARTY": "彭志斌,张长根,葛向山",
        "FOUNDOPERATEPOINTNAME": "高桥镇安全生产监察队",
        "FUNDTIME": "2014-09-11 11:45:00",
        "ISRECTIFY": "完成",
        "EXAMINEARTICLENAME": "2、底楼二只氧气、乙炔瓶气管老化",
        "INPECTIONPANDECTID": 142704
    },
    {
        "OPERATEPOINTNAME": "上海高桥大同净水材料有限公司",
        "PARTY": "彭志斌,张长根,葛向山",
        "FOUNDOPERATEPOINTNAME": "高桥镇安全生产监察队",
        "FUNDTIME": "2014-09-11 11:45:00",
        "ISRECTIFY": "完成",
        "EXAMINEARTICLENAME": "3、乙炔瓶缺防回火装置",
        "INPECTIONPANDECTID": 142704
    },
    {
        "OPERATEPOINTNAME": "上海普莱克斯仪电实用气体有限公司",
        "PARTY": "季广军,潘杰",
        "FOUNDOPERATEPOINTNAME": "浦东新区安全生产监察大队",
        "FUNDTIME": "2014-09-03 10:30:00",
        "ISRECTIFY": "完成",
        "EXAMINEARTICLENAME": "未取得安全生产许可证擅自进行生产",
        "INPECTIONPANDECTID": 142463
    },
    {
        "OPERATEPOINTNAME": "上海世壮新能源科技有限公司",
        "PARTY": "杨胜军,王春军,张秀华,王何",
        "FOUNDOPERATEPOINTNAME": "老港镇安全生产监察队",
        "FUNDTIME": "2014-09-01 14:50:00",
        "ISRECTIFY": "完成",
        "EXAMINEARTICLENAME": "叉车驾驶员刘仁云未取得特种作业操作资格证书",
        "INPECTIONPANDECTID": 140448
    },
    {
        "OPERATEPOINTNAME": "上海创诺制药有限公司",
        "PARTY": "朱军,杨德胜",
        "FOUNDOPERATEPOINTNAME": "浦东新区安全生产监察大队",
        "FUNDTIME": "2014-08-28 14:25:00",
        "ISRECTIFY": "完成",
        "EXAMINEARTICLENAME": "\"液氨制冷站”未按规定设置相应的检测、防爆设施及未按规定对防爆电气定期检测",
        "INPECTIONPANDECTID": 140503
    },
    {
        "OPERATEPOINTNAME": "上海归鸿实业有限公司",
        "PARTY": "杨胜军,冯国荣,赵文官",
        "FOUNDOPERATEPOINTNAME": "老港镇安全生产监察队",
        "FUNDTIME": "2014-08-26 09:55:00",
        "ISRECTIFY": "完成",
        "EXAMINEARTICLENAME": "未建立健全从业人员安全培训档案",
        "INPECTIONPANDECTID": 139667
    },
    {
        "OPERATEPOINTNAME": "上海归鸿实业有限公司",
        "PARTY": "冯国荣,赵文官,蔡时事,沈军芳",
        "FOUNDOPERATEPOINTNAME": "老港镇安全生产监察队",
        "FUNDTIME": "2014-08-05 09:30:00",
        "ISRECTIFY": "完成",
        "EXAMINEARTICLENAME": "该单位未制定本单位安全生产规章制度和操作规程",
        "INPECTIONPANDECTID": 136805
    },
    {
        "OPERATEPOINTNAME": "上海高桥大同净水材料有限公司",
        "PARTY": "彭志斌,傅德顺",
        "FOUNDOPERATEPOINTNAME": "高桥镇安全生产监察队",
        "FUNDTIME": "2014-07-18 10:05:00",
        "ISRECTIFY": "完成",
        "EXAMINEARTICLENAME": "1、作业场所发现有人吸游烟",
        "INPECTIONPANDECTID": 132784
    },
    {
        "OPERATEPOINTNAME": "西格玛奥德里奇（上海）贸易有限公司",
        "PARTY": "朱军,杨德胜",
        "FOUNDOPERATEPOINTNAME": "浦东新区安全生产监察大队",
        "FUNDTIME": "2014-06-19 10:30:00",
        "ISRECTIFY": "完成",
        "EXAMINEARTICLENAME": "进口的危险化学品未办理危险化学品登记",
        "INPECTIONPANDECTID": 129014
    },
    {
        "OPERATEPOINTNAME": "上海归鸿实业有限公司",
        "PARTY": "赵文官,王春军,蔡时事,沈军芳",
        "FOUNDOPERATEPOINTNAME": "老港镇安全生产监察队",
        "FUNDTIME": "2014-06-10 10:10:00",
        "ISRECTIFY": "完成",
        "EXAMINEARTICLENAME": "该单位有30名职工未经入厂三级安全教育培训",
        "INPECTIONPANDECTID": 134719
    },
    {
        "OPERATEPOINTNAME": "奇华顿食用香精香料(上海)有限公司",
        "PARTY": "潘杰,季广军",
        "FOUNDOPERATEPOINTNAME": "浦东新区安全生产监察大队",
        "FUNDTIME": "2014-06-04 16:20:00",
        "ISRECTIFY": "完成",
        "EXAMINEARTICLENAME": "在乳化车间的过道上及普货仓库存放少量3类的危险化学品。",
        "INPECTIONPANDECTID": 128520
    },
    {
        "OPERATEPOINTNAME": "立邦涂料（中国）有限公司",
        "PARTY": "季广军,潘杰",
        "FOUNDOPERATEPOINTNAME": "浦东新区安全生产监察大队",
        "FUNDTIME": "2014-05-20 13:45:00",
        "ISRECTIFY": "完成",
        "EXAMINEARTICLENAME": "危险化学品未存放到专用仓库",
        "INPECTIONPANDECTID": 122764
    },
    {
        "OPERATEPOINTNAME": "上海蒙明仓储有限公司",
        "PARTY": "张卫国,金继良",
        "FOUNDOPERATEPOINTNAME": "浦东新区安全生产监察大队",
        "FUNDTIME": "2014-05-09 11:30:00",
        "ISRECTIFY": "完成",
        "EXAMINEARTICLENAME": "乙类仓库的西侧和南侧存放有危险化学品（放置于集装箱内、简易凉棚内）",
        "INPECTIONPANDECTID": 121927
    },
    {
        "OPERATEPOINTNAME": "上海蒙明仓储有限公司",
        "PARTY": "张卫国,金继良",
        "FOUNDOPERATEPOINTNAME": "浦东新区安全生产监察大队",
        "FUNDTIME": "2014-05-09 11:30:00",
        "ISRECTIFY": "完成",
        "EXAMINEARTICLENAME": "安排了未经上岗前职业健康检查的劳动者从事接触职业病危害的作业",
        "INPECTIONPANDECTID": 121928
    },
    {
        "OPERATEPOINTNAME": "奇华顿日用香精香料（上海）有限公司",
        "PARTY": "朱军,杨德胜",
        "FOUNDOPERATEPOINTNAME": "浦东新区安全生产监察大队",
        "FUNDTIME": "2014-05-07 10:53:00",
        "ISRECTIFY": "完成",
        "EXAMINEARTICLENAME": "冷库（15度、5度）中危险化学品的储存方式、方法不符合国家标准或者国家有关规定",
        "INPECTIONPANDECTID": 121650
    },
    {
        "OPERATEPOINTNAME": "上海鼎铭集装箱储运有限公司",
        "PARTY": "朱军,杨德胜",
        "FOUNDOPERATEPOINTNAME": "浦东新区安全生产监察大队",
        "FUNDTIME": "2014-04-24 09:45:00",
        "ISRECTIFY": "完成",
        "EXAMINEARTICLENAME": "7A,7B甲类危险化学品专用仓库改变用途而构成的事故隐患发现后不及时处理",
        "INPECTIONPANDECTID": 118435
    },
    {
        "OPERATEPOINTNAME": "上海世壮新能源科技有限公司",
        "PARTY": "杨胜军,李磊,张秀华,王何",
        "FOUNDOPERATEPOINTNAME": "老港镇安全生产监察队",
        "FUNDTIME": "2014-03-26 13:10:00",
        "ISRECTIFY": "完成",
        "EXAMINEARTICLENAME": "未建立健全公司内部岗位责任制，未制定安全生产规章制度",
        "INPECTIONPANDECTID": 112724
    },
    {
        "OPERATEPOINTNAME": "上海新亚药业有限公司",
        "PARTY": "朱军,杨德胜",
        "FOUNDOPERATEPOINTNAME": "浦东新区安全生产监察大队",
        "FUNDTIME": "2014-02-08 11:20:00",
        "ISRECTIFY": "完成",
        "EXAMINEARTICLENAME": "危险化学品存放“五距”不符合安全要求",
        "INPECTIONPANDECTID": 127282
    },
    {
        "OPERATEPOINTNAME": "上海新亚药业有限公司",
        "PARTY": "朱军,杨德胜",
        "FOUNDOPERATEPOINTNAME": "浦东新区安全生产监察大队",
        "FUNDTIME": "2014-02-08 10:35:00",
        "ISRECTIFY": "完成",
        "EXAMINEARTICLENAME": "危险化学品存放“五距”不符合安全要求",
        "INPECTIONPANDECTID": 116711
    }
]