[
    {
        "OPERATEPOINTNAME": "上海密尔克卫化工储存有限公司",
        "PARTY": "朱代忠,金继良",
        "FOUNDOPERATEPOINTNAME": "浦东新区安全生产监察大队",
        "FUNDTIME": "2019-04-25 16:30:00",
        "ISRECTIFY": "完成",
        "EXAMINEARTICLENAME": "未将危险化学品储存在专用仓库内",
        "INPECTIONPANDECTID": 400081
    },
    {
        "OPERATEPOINTNAME": "上海运泽实业有限公司",
        "PARTY": "朱代忠,金继良",
        "FOUNDOPERATEPOINTNAME": "浦东新区安全生产监察大队",
        "FUNDTIME": "2019-04-25 17:25:00",
        "ISRECTIFY": "完成",
        "EXAMINEARTICLENAME": "未将危险化学品存放在专用仓库内",
        "INPECTIONPANDECTID": 400288
    },
    {
        "OPERATEPOINTNAME": "空气化工产品气体（上海）有限公司",
        "PARTY": "朱代忠,金继良,朱春华",
        "FOUNDOPERATEPOINTNAME": "浦东新区安全生产监察大队",
        "FUNDTIME": "2019-04-11 11:36:00",
        "ISRECTIFY": "完成",
        "EXAMINEARTICLENAME": "危险化学品管道流向标识不清晰",
        "INPECTIONPANDECTID": 397227
    }
]