[
    {
        "OPERATEPOINTNAME": "上海鸿盛工业气体有限公司",
        "FOUNDOPERATEPOINTNAME": "浦东新区安全生产监察大队",
        "FUNDTIME": "2019-05-09 16:30:00",
        "ISRECTIFY": "未完成"
    },
    {
        "OPERATEPOINTNAME": "上海上药信谊药厂有限公司制药二厂",
        "FOUNDOPERATEPOINTNAME": "浦东新区安全生产监察大队",
        "FUNDTIME": "2019-05-09 16:15:00",
        "ISRECTIFY": "未完成"
    },
    {
        "OPERATEPOINTNAME": "奇华顿食用香精香料(上海)有限公司",
        "FOUNDOPERATEPOINTNAME": "浦东新区安全生产监察大队",
        "FUNDTIME": "2019-05-09 11:55:00",
        "ISRECTIFY": "未完成"
    },
    {
        "OPERATEPOINTNAME": "比欧西气体(苏州)有限公司上海分公司",
        "FOUNDOPERATEPOINTNAME": "浦东新区安全生产监察大队",
        "FUNDTIME": "2019-05-07 14:23:00",
        "ISRECTIFY": "未完成"
    },
    {
        "OPERATEPOINTNAME": "液化空气（上海）国际贸易有限公司",
        "FOUNDOPERATEPOINTNAME": "浦东新区安全生产监察大队",
        "FUNDTIME": "2019-05-09 11:10:00",
        "ISRECTIFY": "未完成"
    },
    {
        "OPERATEPOINTNAME": "上海石油天然气有限公司天然气处理厂",
        "FOUNDOPERATEPOINTNAME": "浦东新区安全生产监察大队",
        "FUNDTIME": "2019-05-09 14:30:00",
        "ISRECTIFY": "未完成"
    }
]