[{"OPERATEPOINTNAME":"上海利旦工业气体有限公司", "OPTNAME":"浦东新区安全生产监察大队", "UNDERTAKER":"朱代忠,金继良,朱春华", "REPORTDATE":"2019-05-21 15:54:16", "ISEXISTACCIDENT":"待调查", "OPERATEPOINTID":19, "INPECTIONPANDECTID":402809},
    {"OPERATEPOINTNAME":"上海归鸿实业有限公司", "OPTNAME":"浦东新区安全生产监察大队", "UNDERTAKER":"朱代忠,金继良,朱春华", "REPORTDATE":"2019-05-21 14:27:02", "ISEXISTACCIDENT":"待调查", "OPERATEPOINTID":103939, "INPECTIONPANDECTID":402761},
    {"OPERATEPOINTNAME":"慧瞻材料科技(上海)有限公司", "OPTNAME":"浦东新区安全生产监察大队", "UNDERTAKER":"王鹏飞,潘燕云", "REPORTDATE":"2019-05-21 14:15:26", "ISEXISTACCIDENT":"待调查", "OPERATEPOINTID":3, "INPECTIONPANDECTID":402778},
    {"OPERATEPOINTNAME":"上海东士石油化工有限公司", "OPTNAME":"浦东新区安全生产监察大队", "UNDERTAKER":"王鹏飞,潘燕云", "REPORTDATE":"2019-05-21 13:11:53", "ISEXISTACCIDENT":"有隐患", "OPERATEPOINTID":150, "INPECTIONPANDECTID":402711},
    {"OPERATEPOINTNAME":"林德气体（上海）有限公司", "OPTNAME":"浦东新区安全生产监察大队", "UNDERTAKER":"朱军,张富华", "REPORTDATE":"2019-05-21 13:09:02", "ISEXISTACCIDENT":"待调查", "OPERATEPOINTID":109074, "INPECTIONPANDECTID":402729},
    {"OPERATEPOINTNAME":"上海普莱克斯仪电实用气体有限公司", "OPTNAME":"浦东新区安全生产监察大队", "UNDERTAKER":"朱军,张富华", "REPORTDATE":"2019-05-21 12:00:30", "ISEXISTACCIDENT":"待调查", "OPERATEPOINTID":118, "INPECTIONPANDECTID":402697},
    {"OPERATEPOINTNAME":"上海元邦化工制造有限公司", "OPTNAME":"浦东新区安全生产监察大队", "UNDERTAKER":"朱代忠,金继良,朱春华", "REPORTDATE":"2019-05-21 11:16:00", "ISEXISTACCIDENT":"待调查", "OPERATEPOINTID":3602, "INPECTIONPANDECTID":402696},
    {"OPERATEPOINTNAME":"上海天汉环境资源有限公司", "OPTNAME":"浦东新区安全生产监察大队", "UNDERTAKER":"高军,王润", "REPORTDATE":"2019-05-21 10:24:56", "ISEXISTACCIDENT":"无隐患", "OPERATEPOINTID":107395, "INPECTIONPANDECTID":402695},
    {"OPERATEPOINTNAME":"上海浦航石油有限公司", "OPTNAME":"浦东新区安全生产监察大队", "UNDERTAKER":"王鹏飞,潘燕云,陈道清", "REPORTDATE":"2019-05-21 10:13:50", "ISEXISTACCIDENT":"待调查", "OPERATEPOINTID":62, "INPECTIONPANDECTID":402692},
    {"OPERATEPOINTNAME":"上海国际油漆有限公司", "OPTNAME":"浦东新区安全生产监察大队", "UNDERTAKER":"朱军,张富华", "REPORTDATE":"2019-05-21 08:45:35", "ISEXISTACCIDENT":"待调查", "OPERATEPOINTID":52, "INPECTIONPANDECTID":402633},
    {"OPERATEPOINTNAME":"巴斯夫高桥特性化学品（上海）有限公司", "OPTNAME":"浦东新区安全生产监察大队", "UNDERTAKER":"杨德胜,李四华", "REPORTDATE":"2019-05-20 13:00:54", "ISEXISTACCIDENT":"无隐患", "OPERATEPOINTID":75, "INPECTIONPANDECTID":402532},
    {"OPERATEPOINTNAME":"上海隆澜实业有限公司", "OPTNAME":"浦东新区安全生产监察大队", "UNDERTAKER":"高军,王润", "REPORTDATE":"2019-05-16 13:50:51", "ISEXISTACCIDENT":"有隐患", "OPERATEPOINTID":12488, "INPECTIONPANDECTID":402165},
    {"OPERATEPOINTNAME":"上海光和气体工业气体有限公司大团分公司", "OPTNAME":"浦东新区安全生产监察大队", "UNDERTAKER":"陈宇良,毛红娟", "REPORTDATE":"2019-05-16 12:47:56", "ISEXISTACCIDENT":"无隐患", "OPERATEPOINTID":9647, "INPECTIONPANDECTID":402103},
    {"OPERATEPOINTNAME":"上海维港精细化工有限公司", "OPTNAME":"浦东新区安全生产监察大队", "UNDERTAKER":"朱代忠,金继良,朱春华", "REPORTDATE":"2019-05-16 12:45:10", "ISEXISTACCIDENT":"有隐患", "OPERATEPOINTID":3532, "INPECTIONPANDECTID":402099},
    {"OPERATEPOINTNAME":"上海舜胜高分子有限公司", "OPTNAME":"浦东新区安全生产监察大队", "UNDERTAKER":"朱代忠,金继良,朱春华", "REPORTDATE":"2019-05-16 10:23:31", "ISEXISTACCIDENT":"待调查", "OPERATEPOINTID":108035, "INPECTIONPANDECTID":402078},
    {"OPERATEPOINTNAME":"扬子江药业集团上海海尼药业有限公司", "OPTNAME":"浦东新区安全生产监察大队", "UNDERTAKER":"毛红娟,陈宇良", "REPORTDATE":"2019-05-16 09:28:56", "ISEXISTACCIDENT":"无隐患", "OPERATEPOINTID":11759, "INPECTIONPANDECTID":402077},
    {"OPERATEPOINTNAME":"上海稳富实业有限公司", "OPTNAME":"浦东新区安全生产监察大队", "UNDERTAKER":"王润,奚汉章", "REPORTDATE":"2019-05-16 08:36:00", "ISEXISTACCIDENT":"有隐患", "OPERATEPOINTID":12485, "INPECTIONPANDECTID":402096},
    {"OPERATEPOINTNAME":"上海高桥大同净水材料有限公司", "OPTNAME":"浦东新区安全生产监察大队", "UNDERTAKER":"金继良,朱代忠,朱春华", "REPORTDATE":"2019-05-14 15:11:44", "ISEXISTACCIDENT":"有隐患", "OPERATEPOINTID":2916, "INPECTIONPANDECTID":401838},
    {"OPERATEPOINTNAME":"上海铁联化轻仓储有限公司", "OPTNAME":"浦东新区安全生产监察大队", "UNDERTAKER":"王鹏飞,潘杰,潘燕云", "REPORTDATE":"2019-05-14 13:49:29", "ISEXISTACCIDENT":"待调查", "OPERATEPOINTID":38, "INPECTIONPANDECTID":401812},
    {"OPERATEPOINTNAME":"上海蒙明仓储有限公司", "OPTNAME":"浦东新区安全生产监察大队", "UNDERTAKER":"金继良,朱代忠,朱春华", "REPORTDATE":"2019-05-14 13:42:39", "ISEXISTACCIDENT":"待调查", "OPERATEPOINTID":5137, "INPECTIONPANDECTID":401792},
    {"OPERATEPOINTNAME":"上海凯密特尔化学品有限公司", "OPTNAME":"浦东新区安全生产监察大队", "UNDERTAKER":"季广军,宋红", "REPORTDATE":"2019-05-14 13:21:40", "ISEXISTACCIDENT":"无隐患", "OPERATEPOINTID":13084, "INPECTIONPANDECTID":401796},
    {"OPERATEPOINTNAME":"上海双基药业有限公司", "OPTNAME":"浦东新区安全生产监察大队", "UNDERTAKER":"季广军,宋红", "REPORTDATE":"2019-05-14 13:21:38", "ISEXISTACCIDENT":"无隐患", "OPERATEPOINTID":11675, "INPECTIONPANDECTID":401774},
    {"OPERATEPOINTNAME":"上海沪康工业气体有限公司", "OPTNAME":"浦东新区安全生产监察大队", "UNDERTAKER":"季广军,宋红", "REPORTDATE":"2019-05-14 12:10:18", "ISEXISTACCIDENT":"无隐患", "OPERATEPOINTID":13, "INPECTIONPANDECTID":401763},
    {"OPERATEPOINTNAME":"上海高纯气体有限公司", "OPTNAME":"浦东新区安全生产监察大队", "UNDERTAKER":"金继良,朱代忠,朱春华", "REPORTDATE":"2019-05-14 11:51:23", "ISEXISTACCIDENT":"待调查", "OPERATEPOINTID":20262, "INPECTIONPANDECTID":401761},
    {"OPERATEPOINTNAME":"世天威化工物流（上海）有限公司", "OPTNAME":"浦东新区安全生产监察大队", "UNDERTAKER":"王鹏飞,潘杰,潘燕云", "REPORTDATE":"2019-05-14 11:12:03", "ISEXISTACCIDENT":"待调查", "OPERATEPOINTID":39, "INPECTIONPANDECTID":401760},
    {"OPERATEPOINTNAME":"上海高桥制氧有限公司", "OPTNAME":"浦东新区安全生产监察大队", "UNDERTAKER":"金继良,朱代忠,朱春华", "REPORTDATE":"2019-05-14 10:52:17", "ISEXISTACCIDENT":"有隐患", "OPERATEPOINTID":16130, "INPECTIONPANDECTID":401758},
    {"OPERATEPOINTNAME":"上海日陆外联发物流有限公司", "OPTNAME":"浦东新区安全生产监察大队", "UNDERTAKER":"王鹏飞,潘杰,潘燕云", "REPORTDATE":"2019-05-14 09:23:56", "ISEXISTACCIDENT":"无隐患", "OPERATEPOINTID":5, "INPECTIONPANDECTID":401727},
    {"OPERATEPOINTNAME":"上海百润投资控股集团股份有限公司", "OPTNAME":"浦东新区安全生产监察大队", "UNDERTAKER":"季广军,宋红", "REPORTDATE":"2019-05-14 09:14:00", "ISEXISTACCIDENT":"无隐患", "OPERATEPOINTID":81, "INPECTIONPANDECTID":401725},
    {"OPERATEPOINTNAME":"上海东士石油化工有限公司", "OPTNAME":"浦东新区安全生产监察大队", "UNDERTAKER":"杨雪峰", "REPORTDATE":"2019-05-13 14:30:45", "ISEXISTACCIDENT":"无隐患", "OPERATEPOINTID":150, "INPECTIONPANDECTID":388823},
    {"OPERATEPOINTNAME":"上海上药信谊药厂有限公司制药二厂", "OPTNAME":"浦东新区安全生产监察大队", "UNDERTAKER":"高军,王润", "REPORTDATE":"2019-05-09 14:12:47", "ISEXISTACCIDENT":"有隐患", "OPERATEPOINTID":4795, "INPECTIONPANDECTID":401302},
    {"OPERATEPOINTNAME":"上海大宛食品有限公司", "OPTNAME":"浦东新区安全生产监察大队", "UNDERTAKER":"季广军,李四华", "REPORTDATE":"2019-05-09 13:21:44", "ISEXISTACCIDENT":"无隐患", "OPERATEPOINTID":11647, "INPECTIONPANDECTID":401261},
    {"OPERATEPOINTNAME":"上海鸿盛工业气体有限公司", "OPTNAME":"浦东新区安全生产监察大队", "UNDERTAKER":"王鹏飞,潘杰,潘燕云", "REPORTDATE":"2019-05-09 12:47:02", "ISEXISTACCIDENT":"待调查", "OPERATEPOINTID":12, "INPECTIONPANDECTID":401436},
    {"OPERATEPOINTNAME":"上海石油天然气有限公司天然气处理厂", "OPTNAME":"浦东新区安全生产监察大队", "UNDERTAKER":"王鹏飞,潘杰,潘燕云", "REPORTDATE":"2019-05-09 12:35:18", "ISEXISTACCIDENT":"待调查", "OPERATEPOINTID":83, "INPECTIONPANDECTID":401437},
    {"OPERATEPOINTNAME":"立邦涂料（中国）有限公司", "OPTNAME":"浦东新区安全生产监察大队", "UNDERTAKER":"季广军,李四华", "REPORTDATE":"2019-05-09 11:10:52", "ISEXISTACCIDENT":"无隐患", "OPERATEPOINTID":21409, "INPECTIONPANDECTID":401258},
    {"OPERATEPOINTNAME":"奇华顿食用香精香料(上海)有限公司", "OPTNAME":"浦东新区安全生产监察大队", "UNDERTAKER":"高军,王润", "REPORTDATE":"2019-05-09 09:50:32", "ISEXISTACCIDENT":"有隐患", "OPERATEPOINTID":16102, "INPECTIONPANDECTID":401260},
    {"OPERATEPOINTNAME":"液化空气（上海）国际贸易有限公司", "OPTNAME":"浦东新区安全生产监察大队", "UNDERTAKER":"王鹏飞,潘杰,潘燕云", "REPORTDATE":"2019-05-09 09:23:04", "ISEXISTACCIDENT":"待调查", "OPERATEPOINTID":19963, "INPECTIONPANDECTID":401428},
    {"OPERATEPOINTNAME":"上海密尔克卫化工储存有限公司", "OPTNAME":"浦东新区安全生产监察大队", "UNDERTAKER":"江震", "REPORTDATE":"2019-05-08 10:05:19", "ISEXISTACCIDENT":"有隐患", "OPERATEPOINTID":3625, "INPECTIONPANDECTID":400081},
    {"OPERATEPOINTNAME":"上海运泽实业有限公司", "OPTNAME":"浦东新区安全生产监察大队", "UNDERTAKER":"李骅", "REPORTDATE":"2019-05-08 08:46:53", "ISEXISTACCIDENT":"有隐患", "OPERATEPOINTID":37, "INPECTIONPANDECTID":400288},
    {"OPERATEPOINTNAME":"空气化工产品气体（上海）有限公司", "OPTNAME":"浦东新区安全生产监察大队", "UNDERTAKER":"朱春华,朱代忠,金继良", "REPORTDATE":"2019-05-07 16:20:59", "ISEXISTACCIDENT":"待调查", "OPERATEPOINTID":218, "INPECTIONPANDECTID":400859},
    {"OPERATEPOINTNAME":"空气化工产品气体（上海）有限公司", "OPTNAME":"浦东新区安全生产监察大队", "UNDERTAKER":"陈洪林", "REPORTDATE":"2019-05-07 14:51:12", "ISEXISTACCIDENT":"无隐患", "OPERATEPOINTID":218, "INPECTIONPANDECTID":397227},
    {"OPERATEPOINTNAME":"中钞油墨有限公司", "OPTNAME":"浦东新区安全生产监察大队", "UNDERTAKER":"季广军,宋红", "REPORTDATE":"2019-05-07 14:02:38", "ISEXISTACCIDENT":"无隐患", "OPERATEPOINTID":20787, "INPECTIONPANDECTID":400797},
    {"OPERATEPOINTNAME":"上海周浦冷藏有限公司", "OPTNAME":"浦东新区安全生产监察大队", "UNDERTAKER":"张卫国,毛红娟", "REPORTDATE":"2019-05-07 13:11:28", "ISEXISTACCIDENT":"无隐患", "OPERATEPOINTID":26719, "INPECTIONPANDECTID":400754},
    {"OPERATEPOINTNAME":"比欧西气体(苏州)有限公司上海分公司", "OPTNAME":"浦东新区安全生产监察大队", "UNDERTAKER":"陈道清,高军", "REPORTDATE":"2019-05-07 12:49:49", "ISEXISTACCIDENT":"有隐患", "OPERATEPOINTID":10240, "INPECTIONPANDECTID":400814},
    {"OPERATEPOINTNAME":"上海现代制药股份有限公司", "OPTNAME":"浦东新区安全生产监察大队", "UNDERTAKER":"高军,奚汉章", "REPORTDATE":"2019-05-07 09:44:44", "ISEXISTACCIDENT":"待调查", "OPERATEPOINTID":14080, "INPECTIONPANDECTID":400746},
    {"OPERATEPOINTNAME":"上海牡丹香精香料有限公司", "OPTNAME":"浦东新区安全生产监察大队", "UNDERTAKER":"张卫国,毛红娟", "REPORTDATE":"2019-05-07 09:33:00", "ISEXISTACCIDENT":"无隐患", "OPERATEPOINTID":142, "INPECTIONPANDECTID":400745},
    {"OPERATEPOINTNAME":"上海高砂·鉴臣香料有限公司", "OPTNAME":"浦东新区安全生产监察大队", "UNDERTAKER":"季广军,宋红", "REPORTDATE":"2019-05-07 09:25:37", "ISEXISTACCIDENT":"无隐患", "OPERATEPOINTID":119224, "INPECTIONPANDECTID":400733},
    {"OPERATEPOINTNAME":"上海庄臣有限公司", "OPTNAME":"浦东新区安全生产监察大队", "UNDERTAKER":"朱军,张富华", "REPORTDATE":"2019-04-30 09:13:45", "ISEXISTACCIDENT":"待调查", "OPERATEPOINTID":27, "INPECTIONPANDECTID":400356},
    {"OPERATEPOINTNAME":"上海运泽实业有限公司", "OPTNAME":"浦东新区安全生产监察大队", "UNDERTAKER":"朱代忠,金继良", "REPORTDATE":"2019-04-29 15:11:25", "ISEXISTACCIDENT":"待调查", "OPERATEPOINTID":37, "INPECTIONPANDECTID":400288},
    {"OPERATEPOINTNAME":"上海密尔克卫化工储存有限公司", "OPTNAME":"浦东新区安全生产监察大队", "UNDERTAKER":"朱代忠,金继良", "REPORTDATE":"2019-04-28 13:38:14", "ISEXISTACCIDENT":"待调查", "OPERATEPOINTID":3625, "INPECTIONPANDECTID":400081},
    {"OPERATEPOINTNAME":"上海上药新亚药业有限公司新先锋制药厂", "OPTNAME":"浦东新区安全生产监察大队", "UNDERTAKER":"张卫国,毛红娟", "REPORTDATE":"2019-04-28 08:29:56", "ISEXISTACCIDENT":"无隐患", "OPERATEPOINTID":33, "INPECTIONPANDECTID":399892},
    {"OPERATEPOINTNAME":"奇华顿日用香精香料（上海）有限公司", "OPTNAME":"浦东新区安全生产监察大队", "UNDERTAKER":"张卫国,毛红娟", "REPORTDATE":"2019-04-25 14:15:53", "ISEXISTACCIDENT":"无隐患", "OPERATEPOINTID":93, "INPECTIONPANDECTID":399390},
    {"OPERATEPOINTNAME":"雅博色彩科技（上海）有限公司", "OPTNAME":"浦东新区安全生产监察大队", "UNDERTAKER":"季广军,宋红,沈燕芳", "REPORTDATE":"2019-04-25 12:40:41", "ISEXISTACCIDENT":"无隐患", "OPERATEPOINTID":11521, "INPECTIONPANDECTID":399253},
    {"OPERATEPOINTNAME":"盛联精密气体（上海）有限公司", "OPTNAME":"浦东新区安全生产监察大队", "UNDERTAKER":"张卫国,毛红娟", "REPORTDATE":"2019-04-25 12:11:53", "ISEXISTACCIDENT":"无隐患", "OPERATEPOINTID":12043, "INPECTIONPANDECTID":399247},
    {"OPERATEPOINTNAME":"上海征宇反光材料有限公司", "OPTNAME":"浦东新区安全生产监察大队", "UNDERTAKER":"朱军,张富华", "REPORTDATE":"2019-04-25 11:27:59", "ISEXISTACCIDENT":"待调查", "OPERATEPOINTID":28, "INPECTIONPANDECTID":399246},
    {"OPERATEPOINTNAME":"上海创诺制药有限公司", "OPTNAME":"浦东新区安全生产监察大队", "UNDERTAKER":"季广军,宋红", "REPORTDATE":"2019-04-25 10:57:35", "ISEXISTACCIDENT":"无隐患", "OPERATEPOINTID":44, "INPECTIONPANDECTID":399243},
    {"OPERATEPOINTNAME":"上海欧利生东邦涂料有限公司", "OPTNAME":"浦东新区安全生产监察大队", "UNDERTAKER":"王萍,张富华", "REPORTDATE":"2019-04-25 10:03:54", "ISEXISTACCIDENT":"待调查", "OPERATEPOINTID":11916, "INPECTIONPANDECTID":399211},
    {"OPERATEPOINTNAME":"上海天地涂料有限公司", "OPTNAME":"浦东新区安全生产监察大队", "UNDERTAKER":"朱军,王萍", "REPORTDATE":"2019-04-25 09:30:45", "ISEXISTACCIDENT":"待调查", "OPERATEPOINTID":10663, "INPECTIONPANDECTID":399186},
    {"OPERATEPOINTNAME":"上海南汇兴绿精细化工厂", "OPTNAME":"浦东新区安全生产监察大队", "UNDERTAKER":"朱代忠,金继良,朱春华", "REPORTDATE":"2019-04-25 09:27:01", "ISEXISTACCIDENT":"无隐患", "OPERATEPOINTID":51, "INPECTIONPANDECTID":399202},
    {"OPERATEPOINTNAME":"卡特彼勒物流（上海）有限公司", "OPTNAME":"浦东新区安全生产监察大队", "UNDERTAKER":"王润,奚汉章", "REPORTDATE":"2019-04-25 09:17:40", "ISEXISTACCIDENT":"无隐患", "OPERATEPOINTID":13628, "INPECTIONPANDECTID":399178},
    {"OPERATEPOINTNAME":"上海旭东海普药业有限公司", "OPTNAME":"浦东新区安全生产监察大队", "UNDERTAKER":"朱军,王萍", "REPORTDATE":"2019-04-24 14:56:03", "ISEXISTACCIDENT":"待调查", "OPERATEPOINTID":12502, "INPECTIONPANDECTID":399144},
    {"OPERATEPOINTNAME":"上海元邦化工制造有限公司", "OPTNAME":"浦东新区安全生产监察大队", "UNDERTAKER":"朱代忠,金继良,朱春华", "REPORTDATE":"2019-04-24 13:15:54", "ISEXISTACCIDENT":"无隐患", "OPERATEPOINTID":3602, "INPECTIONPANDECTID":399076},
    {"OPERATEPOINTNAME":"巴斯夫催化剂(上海)有限公司", "OPTNAME":"浦东新区安全生产监察大队", "UNDERTAKER":"朱军,张富华", "REPORTDATE":"2019-04-24 13:15:25", "ISEXISTACCIDENT":"待调查", "OPERATEPOINTID":12513, "INPECTIONPANDECTID":399114},
    {"OPERATEPOINTNAME":"奇华顿食用香精香料(上海)有限公司", "OPTNAME":"浦东新区安全生产监察大队", "UNDERTAKER":"高军,王润", "REPORTDATE":"2019-04-24 10:40:38", "ISEXISTACCIDENT":"无隐患", "OPERATEPOINTID":16102, "INPECTIONPANDECTID":399065},
    {"OPERATEPOINTNAME":"上海航头工业气体经营部", "OPTNAME":"浦东新区安全生产监察大队", "UNDERTAKER":"金继良,朱春华,朱代忠", "REPORTDATE":"2019-04-24 09:51:40", "ISEXISTACCIDENT":"无隐患", "OPERATEPOINTID":18718, "INPECTIONPANDECTID":399061},
    {"OPERATEPOINTNAME":"上海牡丹香精香料有限公司", "OPTNAME":"浦东新区安全生产监察大队", "UNDERTAKER":"张卫国,毛红娟", "REPORTDATE":"2019-04-24 08:48:17", "ISEXISTACCIDENT":"无隐患", "OPERATEPOINTID":142, "INPECTIONPANDECTID":399043},
    {"OPERATEPOINTNAME":"上海罗氏制药有限公司", "OPTNAME":"浦东新区安全生产监察大队", "UNDERTAKER":"张卫国,毛红娟", "REPORTDATE":"2019-04-23 16:28:11", "ISEXISTACCIDENT":"无隐患", "OPERATEPOINTID":2004, "INPECTIONPANDECTID":399019},
    {"OPERATEPOINTNAME":"巴斯夫新材料有限公司", "OPTNAME":"浦东新区安全生产监察大队", "UNDERTAKER":"金继良,朱代忠,朱春华", "REPORTDATE":"2019-04-23 15:42:50", "ISEXISTACCIDENT":"无隐患", "OPERATEPOINTID":91, "INPECTIONPANDECTID":399011},
    {"OPERATEPOINTNAME":"德之馨（上海）有限公司", "OPTNAME":"浦东新区安全生产监察大队", "UNDERTAKER":"张富华,王萍", "REPORTDATE":"2019-04-23 14:15:44", "ISEXISTACCIDENT":"待调查", "OPERATEPOINTID":61, "INPECTIONPANDECTID":398925},
    {"OPERATEPOINTNAME":"上海上药新亚药业有限公司", "OPTNAME":"浦东新区安全生产监察大队", "UNDERTAKER":"王鹏飞,潘杰,潘燕云", "REPORTDATE":"2019-04-23 14:00:47", "ISEXISTACCIDENT":"待调查", "OPERATEPOINTID":32, "INPECTIONPANDECTID":398933},
    {"OPERATEPOINTNAME":"上海丽珠制药有限公司", "OPTNAME":"浦东新区安全生产监察大队", "UNDERTAKER":"朱军,张富华", "REPORTDATE":"2019-04-23 13:40:26", "ISEXISTACCIDENT":"待调查", "OPERATEPOINTID":128, "INPECTIONPANDECTID":398883},
    {"OPERATEPOINTNAME":"巴斯夫高桥特性化学品（上海）有限公司", "OPTNAME":"浦东新区安全生产监察大队", "UNDERTAKER":"季广军,杨德胜,宋红", "REPORTDATE":"2019-04-23 12:55:49", "ISEXISTACCIDENT":"无隐患", "OPERATEPOINTID":75, "INPECTIONPANDECTID":398865},
    {"OPERATEPOINTNAME":"上海高桥大同净水材料有限公司", "OPTNAME":"浦东新区安全生产监察大队", "UNDERTAKER":"金继良,朱代忠,朱春华", "REPORTDATE":"2019-04-23 10:47:04", "ISEXISTACCIDENT":"无隐患", "OPERATEPOINTID":2916, "INPECTIONPANDECTID":398858},
    {"OPERATEPOINTNAME":"上海现代制药股份有限公司", "OPTNAME":"浦东新区安全生产监察大队", "UNDERTAKER":"王润,奚汉章", "REPORTDATE":"2019-04-23 10:03:51", "ISEXISTACCIDENT":"无隐患", "OPERATEPOINTID":14080, "INPECTIONPANDECTID":398840},
    {"OPERATEPOINTNAME":"液化空气（上海浦东新区）有限公司", "OPTNAME":"浦东新区安全生产监察大队", "UNDERTAKER":"张卫国,毛红娟", "REPORTDATE":"2019-04-23 09:28:33", "ISEXISTACCIDENT":"无隐患", "OPERATEPOINTID":48, "INPECTIONPANDECTID":398825},
    {"OPERATEPOINTNAME":"上海创丰特殊树脂有限公司", "OPTNAME":"浦东新区安全生产监察大队", "UNDERTAKER":"朱代忠,金继良,朱春华", "REPORTDATE":"2019-04-22 11:29:29", "ISEXISTACCIDENT":"无隐患", "OPERATEPOINTID":11157, "INPECTIONPANDECTID":398578},
    {"OPERATEPOINTNAME":"上海利旦工业气体有限公司", "OPTNAME":"浦东新区安全生产监察大队", "UNDERTAKER":"朱代忠,金继良,朱春华", "REPORTDATE":"2019-04-18 13:37:54", "ISEXISTACCIDENT":"无隐患", "OPERATEPOINTID":19, "INPECTIONPANDECTID":398255},
    {"OPERATEPOINTNAME":"上海天汉环境资源有限公司", "OPTNAME":"浦东新区安全生产监察大队", "UNDERTAKER":"高军,奚汉章", "REPORTDATE":"2019-04-18 11:27:33", "ISEXISTACCIDENT":"无隐患", "OPERATEPOINTID":107395, "INPECTIONPANDECTID":398235},
    {"OPERATEPOINTNAME":"上海迪赛诺化学制药有限公司", "OPTNAME":"浦东新区安全生产监察大队", "UNDERTAKER":"朱代忠,金继良,朱春华", "REPORTDATE":"2019-04-18 10:42:51", "ISEXISTACCIDENT":"无隐患", "OPERATEPOINTID":77, "INPECTIONPANDECTID":398227},
    {"OPERATEPOINTNAME":"上海归鸿实业有限公司", "OPTNAME":"浦东新区安全生产监察大队", "UNDERTAKER":"朱代忠,金继良", "REPORTDATE":"2019-04-18 09:53:40", "ISEXISTACCIDENT":"无隐患", "OPERATEPOINTID":103939, "INPECTIONPANDECTID":398213},
    {"OPERATEPOINTNAME":"上海凯密特尔化学品有限公司", "OPTNAME":"浦东新区安全生产监察大队", "UNDERTAKER":"季广军,宋红", "REPORTDATE":"2019-04-17 13:51:08", "ISEXISTACCIDENT":"无隐患", "OPERATEPOINTID":13084, "INPECTIONPANDECTID":398050},
    {"OPERATEPOINTNAME":"上海沪康工业气体有限公司", "OPTNAME":"浦东新区安全生产监察大队", "UNDERTAKER":"沈燕芳,季广军,李四华", "REPORTDATE":"2019-04-17 13:13:09", "ISEXISTACCIDENT":"无隐患", "OPERATEPOINTID":13, "INPECTIONPANDECTID":398034},
    {"OPERATEPOINTNAME":"上海高纯气体有限公司", "OPTNAME":"浦东新区安全生产监察大队", "UNDERTAKER":"金继良,朱代忠", "REPORTDATE":"2019-04-17 12:03:47", "ISEXISTACCIDENT":"无隐患", "OPERATEPOINTID":20262, "INPECTIONPANDECTID":398025},
    {"OPERATEPOINTNAME":"上海高桥制氧有限公司", "OPTNAME":"浦东新区安全生产监察大队", "UNDERTAKER":"金继良,朱代忠", "REPORTDATE":"2019-04-17 11:24:51", "ISEXISTACCIDENT":"无隐患", "OPERATEPOINTID":16130, "INPECTIONPANDECTID":398023},
    {"OPERATEPOINTNAME":"日陆物流（上海）有限公司", "OPTNAME":"浦东新区安全生产监察大队", "UNDERTAKER":"高军,王润", "REPORTDATE":"2019-04-17 10:00:04", "ISEXISTACCIDENT":"无隐患", "OPERATEPOINTID":3388, "INPECTIONPANDECTID":398006},
    {"OPERATEPOINTNAME":"上海天然气管网有限公司", "OPTNAME":"北蔡镇安全生产监察队", "UNDERTAKER":"顾卓君,戴连喜", "REPORTDATE":"2019-04-17 09:49:57", "ISEXISTACCIDENT":"无隐患", "OPERATEPOINTID":116172, "INPECTIONPANDECTID":398013},
    {"OPERATEPOINTNAME":"扬子江药业集团上海海尼药业有限公司", "OPTNAME":"浦东新区安全生产监察大队", "UNDERTAKER":"张卫国,毛红娟,沈燕芳", "REPORTDATE":"2019-04-17 09:33:05", "ISEXISTACCIDENT":"无隐患", "OPERATEPOINTID":11759, "INPECTIONPANDECTID":398001},
    {"OPERATEPOINTNAME":"上海周浦冷藏有限公司", "OPTNAME":"浦东新区安全生产监察大队", "UNDERTAKER":"张卫国,毛红娟", "REPORTDATE":"2019-04-16 15:14:47", "ISEXISTACCIDENT":"无隐患", "OPERATEPOINTID":26719, "INPECTIONPANDECTID":397925},
    {"OPERATEPOINTNAME":"上海舜胜高分子有限公司", "OPTNAME":"浦东新区安全生产监察大队", "UNDERTAKER":"朱代忠,金继良,朱春华", "REPORTDATE":"2019-04-16 13:08:54", "ISEXISTACCIDENT":"无隐患", "OPERATEPOINTID":108035, "INPECTIONPANDECTID":397837},
    {"OPERATEPOINTNAME":"上海世壮新能源科技有限公司", "OPTNAME":"浦东新区安全生产监察大队", "UNDERTAKER":"朱代忠,金继良", "REPORTDATE":"2019-04-16 10:25:56", "ISEXISTACCIDENT":"无隐患", "OPERATEPOINTID":3546, "INPECTIONPANDECTID":397805},
    {"OPERATEPOINTNAME":"上海振义企业发展有限公司", "OPTNAME":"浦东新区安全生产监察大队", "UNDERTAKER":"高军,王润", "REPORTDATE":"2019-04-16 09:12:03", "ISEXISTACCIDENT":"无隐患", "OPERATEPOINTID":17363, "INPECTIONPANDECTID":397746},
    {"OPERATEPOINTNAME":"立邦涂料（中国）有限公司", "OPTNAME":"浦东新区安全生产监察大队", "UNDERTAKER":"宋红,李四华", "REPORTDATE":"2019-04-15 14:28:28", "ISEXISTACCIDENT":"无隐患", "OPERATEPOINTID":21409, "INPECTIONPANDECTID":397655},
    {"OPERATEPOINTNAME":"上海丽珠制药有限公司", "OPTNAME":"金桥镇安全生产监察所", "UNDERTAKER":"李炜,潘建春,姜忠涛", "REPORTDATE":"2019-04-11 15:26:02", "ISEXISTACCIDENT":"无隐患", "OPERATEPOINTID":128, "INPECTIONPANDECTID":397294},
    {"OPERATEPOINTNAME":"上海庄臣有限公司", "OPTNAME":"浦东新区安全生产监察大队", "UNDERTAKER":"朱军,王萍,张富华", "REPORTDATE":"2019-04-11 13:58:59", "ISEXISTACCIDENT":"待调查", "OPERATEPOINTID":27, "INPECTIONPANDECTID":397260},
    {"OPERATEPOINTNAME":"上海上药信谊药厂有限公司制药总厂", "OPTNAME":"浦东新区安全生产监察大队", "UNDERTAKER":"朱军,王萍,张富华", "REPORTDATE":"2019-04-11 13:31:37", "ISEXISTACCIDENT":"待调查", "OPERATEPOINTID":12495, "INPECTIONPANDECTID":397236},
    {"OPERATEPOINTNAME":"上海大宛食品有限公司", "OPTNAME":"浦东新区安全生产监察大队", "UNDERTAKER":"季广军,宋红", "REPORTDATE":"2019-04-11 13:30:25", "ISEXISTACCIDENT":"无隐患", "OPERATEPOINTID":11647, "INPECTIONPANDECTID":397256},
    {"OPERATEPOINTNAME":"西格玛奥德里奇（上海）贸易有限公司", "OPTNAME":"浦东新区安全生产监察大队", "UNDERTAKER":"朱代忠,金继良,朱春华", "REPORTDATE":"2019-04-11 12:46:38", "ISEXISTACCIDENT":"无隐患", "OPERATEPOINTID":67, "INPECTIONPANDECTID":397238},
    {"OPERATEPOINTNAME":"上海沧海工业气体有限公司", "OPTNAME":"浦东新区安全生产监察大队", "UNDERTAKER":"季广军,宋红", "REPORTDATE":"2019-04-11 12:42:20", "ISEXISTACCIDENT":"无隐患", "OPERATEPOINTID":42, "INPECTIONPANDECTID":397230},
    {"OPERATEPOINTNAME":"上海光和气体工业气体有限公司大团分公司", "OPTNAME":"浦东新区安全生产监察大队", "UNDERTAKER":"张卫国,毛红娟", "REPORTDATE":"2019-04-11 11:03:54", "ISEXISTACCIDENT":"无隐患", "OPERATEPOINTID":9647, "INPECTIONPANDECTID":397226},
    {"OPERATEPOINTNAME":"空气化工产品气体（上海）有限公司", "OPTNAME":"浦东新区安全生产监察大队", "UNDERTAKER":"朱代忠,金继良,朱春华", "REPORTDATE":"2019-04-11 10:31:40", "ISEXISTACCIDENT":"有隐患", "OPERATEPOINTID":218, "INPECTIONPANDECTID":397227},
    {"OPERATEPOINTNAME":"上海双基药业有限公司", "OPTNAME":"浦东新区安全生产监察大队", "UNDERTAKER":"宋红,季广军", "REPORTDATE":"2019-04-10 14:30:35", "ISEXISTACCIDENT":"无隐患", "OPERATEPOINTID":11675, "INPECTIONPANDECTID":397085},
    {"OPERATEPOINTNAME":"林德气体（上海）有限公司", "OPTNAME":"浦东新区安全生产监察大队", "UNDERTAKER":"朱军,王萍,张富华", "REPORTDATE":"2019-04-10 14:13:37", "ISEXISTACCIDENT":"待调查", "OPERATEPOINTID":109074, "INPECTIONPANDECTID":397080},
    {"OPERATEPOINTNAME":"上海百润投资控股集团股份有限公司", "OPTNAME":"浦东新区安全生产监察大队", "UNDERTAKER":"宋红,季广军", "REPORTDATE":"2019-04-10 14:03:00", "ISEXISTACCIDENT":"无隐患", "OPERATEPOINTID":81, "INPECTIONPANDECTID":397073},
    {"OPERATEPOINTNAME":"上海普莱克斯仪电实用气体有限公司", "OPTNAME":"浦东新区安全生产监察大队", "UNDERTAKER":"朱军,王萍,张富华", "REPORTDATE":"2019-04-10 13:48:34", "ISEXISTACCIDENT":"待调查", "OPERATEPOINTID":118, "INPECTIONPANDECTID":397059},
    {"OPERATEPOINTNAME":"液化空气（上海浦东新区）有限公司", "OPTNAME":"浦东新区安全生产监察大队", "UNDERTAKER":"张卫国,毛红娟", "REPORTDATE":"2019-04-10 13:44:52", "ISEXISTACCIDENT":"无隐患", "OPERATEPOINTID":48, "INPECTIONPANDECTID":397077},
    {"OPERATEPOINTNAME":"上海沪康工业气体有限公司", "OPTNAME":"浦东新区安全生产监察大队", "UNDERTAKER":"季广军,李四华", "REPORTDATE":"2019-04-10 13:40:26", "ISEXISTACCIDENT":"无隐患", "OPERATEPOINTID":13, "INPECTIONPANDECTID":397053},
    {"OPERATEPOINTNAME":"上海踏浪精细化工有限公司", "OPTNAME":"浦东新区安全生产监察大队", "UNDERTAKER":"朱代忠,金继良,朱春华", "REPORTDATE":"2019-04-10 12:19:53", "ISEXISTACCIDENT":"无隐患", "OPERATEPOINTID":3627, "INPECTIONPANDECTID":397033},
    {"OPERATEPOINTNAME":"上海拱极化学有限公司", "OPTNAME":"浦东新区安全生产监察大队", "UNDERTAKER":"朱代忠,金继良,朱春华", "REPORTDATE":"2019-04-10 10:16:36", "ISEXISTACCIDENT":"无隐患", "OPERATEPOINTID":3455, "INPECTIONPANDECTID":397028},
    {"OPERATEPOINTNAME":"盛联精密气体（上海）有限公司", "OPTNAME":"浦东新区安全生产监察大队", "UNDERTAKER":"张卫国,毛红娟", "REPORTDATE":"2019-04-10 10:06:19", "ISEXISTACCIDENT":"无隐患", "OPERATEPOINTID":12043, "INPECTIONPANDECTID":397018},
    {"OPERATEPOINTNAME":"普莱克斯（上海）半导体气体有限公司", "OPTNAME":"浦东新区安全生产监察大队", "UNDERTAKER":"张卫国,毛红娟", "REPORTDATE":"2019-04-10 09:41:30", "ISEXISTACCIDENT":"无隐患", "OPERATEPOINTID":107, "INPECTIONPANDECTID":397008},
    {"OPERATEPOINTNAME":"比欧西气体(苏州)有限公司上海分公司", "OPTNAME":"浦东新区安全生产监察大队", "UNDERTAKER":"高军,王润", "REPORTDATE":"2019-04-10 09:30:03", "ISEXISTACCIDENT":"无隐患", "OPERATEPOINTID":10240, "INPECTIONPANDECTID":397016},
    {"OPERATEPOINTNAME":"上海维港精细化工有限公司", "OPTNAME":"浦东新区安全生产监察大队", "UNDERTAKER":"朱代忠,金继良,朱春华,胡冬吉", "REPORTDATE":"2019-04-10 09:26:00", "ISEXISTACCIDENT":"无隐患", "OPERATEPOINTID":3532, "INPECTIONPANDECTID":397015},
    {"OPERATEPOINTNAME":"上海国际油漆有限公司", "OPTNAME":"浦东新区安全生产监察大队", "UNDERTAKER":"朱军,王萍,张富华", "REPORTDATE":"2019-04-09 14:27:04", "ISEXISTACCIDENT":"待调查", "OPERATEPOINTID":52, "INPECTIONPANDECTID":396972},
    {"OPERATEPOINTNAME":"中钞油墨有限公司", "OPTNAME":"浦东新区安全生产监察大队", "UNDERTAKER":"季广军,宋红", "REPORTDATE":"2019-04-09 14:23:03", "ISEXISTACCIDENT":"无隐患", "OPERATEPOINTID":20787, "INPECTIONPANDECTID":396975},
    {"OPERATEPOINTNAME":"长谷川香料（上海）有限公司", "OPTNAME":"浦东新区安全生产监察大队", "UNDERTAKER":"朱军,王萍,张富华", "REPORTDATE":"2019-04-09 13:55:03", "ISEXISTACCIDENT":"待调查", "OPERATEPOINTID":12977, "INPECTIONPANDECTID":396966},
    {"OPERATEPOINTNAME":"上海高砂·鉴臣香料有限公司", "OPTNAME":"浦东新区安全生产监察大队", "UNDERTAKER":"季广军,李四华", "REPORTDATE":"2019-04-09 13:48:42", "ISEXISTACCIDENT":"无隐患", "OPERATEPOINTID":119224, "INPECTIONPANDECTID":396961},
    {"OPERATEPOINTNAME":"雅博色彩科技（上海）有限公司", "OPTNAME":"浦东新区安全生产监察大队", "UNDERTAKER":"季广军,李四华", "REPORTDATE":"2019-03-29 13:36:42", "ISEXISTACCIDENT":"无隐患", "OPERATEPOINTID":11521, "INPECTIONPANDECTID":396072},
    {"OPERATEPOINTNAME":"日陆物流（上海）有限公司", "OPTNAME":"浦东新区安全生产监察大队", "UNDERTAKER":"王润,奚汉章", "REPORTDATE":"2019-03-29 09:17:48", "ISEXISTACCIDENT":"无隐患", "OPERATEPOINTID":3388, "INPECTIONPANDECTID":395999},
    {"OPERATEPOINTNAME":"上海振义企业发展有限公司", "OPTNAME":"浦东新区安全生产监察大队", "UNDERTAKER":"王润,奚汉章", "REPORTDATE":"2019-03-28 14:03:51", "ISEXISTACCIDENT":"无隐患", "OPERATEPOINTID":17363, "INPECTIONPANDECTID":395899},
    {"OPERATEPOINTNAME":"上海亿升海运仓储有限公司", "OPTNAME":"浦东新区安全生产监察大队", "UNDERTAKER":"王润,奚汉章", "REPORTDATE":"2019-03-28 12:45:01", "ISEXISTACCIDENT":"无隐患", "OPERATEPOINTID":64, "INPECTIONPANDECTID":395850},
    {"OPERATEPOINTNAME":"上海浦东伏龙仓储有限公司", "OPTNAME":"浦东新区安全生产监察大队", "UNDERTAKER":"王润,奚汉章", "REPORTDATE":"2019-03-28 11:49:24", "ISEXISTACCIDENT":"待调查", "OPERATEPOINTID":131, "INPECTIONPANDECTID":395844},
    {"OPERATEPOINTNAME":"上海运泽实业有限公司", "OPTNAME":"浦东新区安全生产监察大队", "UNDERTAKER":"朱代忠,金继良,朱春华,沈燕芳", "REPORTDATE":"2019-03-28 11:11:53", "ISEXISTACCIDENT":"无隐患", "OPERATEPOINTID":37, "INPECTIONPANDECTID":395839},
    {"OPERATEPOINTNAME":"上海密尔克卫化工储存有限公司", "OPTNAME":"浦东新区安全生产监察大队", "UNDERTAKER":"朱代忠,朱春华,金继良,沈燕芳", "REPORTDATE":"2019-03-28 10:06:53", "ISEXISTACCIDENT":"无隐患", "OPERATEPOINTID":3625, "INPECTIONPANDECTID":395828},
    {"OPERATEPOINTNAME":"上海铁联化轻仓储有限公司", "OPTNAME":"浦东新区安全生产监察大队", "UNDERTAKER":"陈道清,王鹏飞,潘杰,潘燕云", "REPORTDATE":"2019-03-28 09:13:49", "ISEXISTACCIDENT":"无隐患", "OPERATEPOINTID":38, "INPECTIONPANDECTID":395796},
    {"OPERATEPOINTNAME":"上海舜胜高分子有限公司", "OPTNAME":"浦东新区安全生产监察大队", "UNDERTAKER":"朱代忠,金继良,朱春华", "REPORTDATE":"2019-03-27 11:03:55", "ISEXISTACCIDENT":"无隐患", "OPERATEPOINTID":108035, "INPECTIONPANDECTID":395519},
    {"OPERATEPOINTNAME":"上海光和气体工业气体有限公司大团分公司", "OPTNAME":"浦东新区安全生产监察大队", "UNDERTAKER":"张卫国,毛红娟", "REPORTDATE":"2019-03-27 10:16:15", "ISEXISTACCIDENT":"无隐患", "OPERATEPOINTID":9647, "INPECTIONPANDECTID":395513},
    {"OPERATEPOINTNAME":"上海光和气体工业气体有限公司大团分公司", "OPTNAME":"浦东新区安全生产监察大队", "UNDERTAKER":"张卫国,毛红娟,胡冬吉", "REPORTDATE":"2019-03-27 09:46:09", "ISEXISTACCIDENT":"无隐患", "OPERATEPOINTID":9647, "INPECTIONPANDECTID":395479},
    {"OPERATEPOINTNAME":"上海拱极化学有限公司", "OPTNAME":"浦东新区安全生产监察大队", "UNDERTAKER":"朱代忠,朱春华,金继良", "REPORTDATE":"2019-03-27 09:43:24", "ISEXISTACCIDENT":"无隐患", "OPERATEPOINTID":3455, "INPECTIONPANDECTID":395462},
    {"OPERATEPOINTNAME":"上海隆澜实业有限公司", "OPTNAME":"浦东新区安全生产监察大队", "UNDERTAKER":"高军,王润", "REPORTDATE":"2019-03-26 14:36:19", "ISEXISTACCIDENT":"待调查", "OPERATEPOINTID":12488, "INPECTIONPANDECTID":395390},
    {"OPERATEPOINTNAME":"上海日陆外联发物流有限公司", "OPTNAME":"浦东新区安全生产监察大队", "UNDERTAKER":"陈道清,王鹏飞,潘杰,潘燕云", "REPORTDATE":"2019-03-26 14:33:16", "ISEXISTACCIDENT":"无隐患", "OPERATEPOINTID":5, "INPECTIONPANDECTID":395381},
    {"OPERATEPOINTNAME":"上海稳富实业有限公司", "OPTNAME":"浦东新区安全生产监察大队", "UNDERTAKER":"高军,王润", "REPORTDATE":"2019-03-26 13:11:47", "ISEXISTACCIDENT":"待调查", "OPERATEPOINTID":12485, "INPECTIONPANDECTID":395313},
    {"OPERATEPOINTNAME":"世天威化工物流（上海）有限公司", "OPTNAME":"浦东新区安全生产监察大队", "UNDERTAKER":"陈道清,王鹏飞,潘杰,潘燕云", "REPORTDATE":"2019-03-26 13:11:31", "ISEXISTACCIDENT":"无隐患", "OPERATEPOINTID":39, "INPECTIONPANDECTID":395312},
    {"OPERATEPOINTNAME":"上海蒙明仓储有限公司", "OPTNAME":"浦东新区安全生产监察大队", "UNDERTAKER":"朱代忠,金继良,朱春华,陈道清", "REPORTDATE":"2019-03-26 11:06:46", "ISEXISTACCIDENT":"无隐患", "OPERATEPOINTID":5137, "INPECTIONPANDECTID":395282},
    {"OPERATEPOINTNAME":"上海东士石油化工有限公司", "OPTNAME":"浦东新区安全生产监察大队", "UNDERTAKER":"沈燕芳,王鹏飞,潘杰,潘燕云", "REPORTDATE":"2019-03-26 10:36:44", "ISEXISTACCIDENT":"待调查", "OPERATEPOINTID":150, "INPECTIONPANDECTID":395279},
    {"OPERATEPOINTNAME":"上海浦航石油有限公司", "OPTNAME":"浦东新区安全生产监察大队", "UNDERTAKER":"沈燕芳,潘杰,王鹏飞,潘燕云", "REPORTDATE":"2019-03-26 09:13:47", "ISEXISTACCIDENT":"无隐患", "OPERATEPOINTID":62, "INPECTIONPANDECTID":395203},
    {"OPERATEPOINTNAME":"中石化上海石油储运配送分公司高桥石油站", "OPTNAME":"浦东新区安全生产监察大队", "UNDERTAKER":"朱代忠,朱春华,金继良,陈道清", "REPORTDATE":"2019-03-26 09:09:04", "ISEXISTACCIDENT":"无隐患", "OPERATEPOINTID":23710, "INPECTIONPANDECTID":395255},
    {"OPERATEPOINTNAME":"上海庄臣有限公司", "OPTNAME":"浦东新区安全生产监察大队", "UNDERTAKER":"朱军,王萍,张富华", "REPORTDATE":"2019-03-18 14:17:11", "ISEXISTACCIDENT":"待调查", "OPERATEPOINTID":27, "INPECTIONPANDECTID":394033},
    {"OPERATEPOINTNAME":"空气化工产品气体（上海）有限公司", "OPTNAME":"浦东新区安全生产监察大队", "UNDERTAKER":"朱代忠,金继良,朱春华", "REPORTDATE":"2019-03-18 12:59:26", "ISEXISTACCIDENT":"无隐患", "OPERATEPOINTID":218, "INPECTIONPANDECTID":394017},
    {"OPERATEPOINTNAME":"上海世壮新能源科技有限公司", "OPTNAME":"老港镇安全生产监察队", "UNDERTAKER":"杨晓东,王丽平", "REPORTDATE":"2019-03-18 09:58:35", "ISEXISTACCIDENT":"无隐患", "OPERATEPOINTID":3546, "INPECTIONPANDECTID":393969},
    {"OPERATEPOINTNAME":"扬子江药业集团上海海尼药业有限公司", "OPTNAME":"浦东新区安全生产监察大队", "UNDERTAKER":"张卫国,毛红娟", "REPORTDATE":"2019-03-15 10:54:10", "ISEXISTACCIDENT":"无隐患", "OPERATEPOINTID":11759, "INPECTIONPANDECTID":393825},
    {"OPERATEPOINTNAME":"上海周浦冷藏有限公司", "OPTNAME":"浦东新区安全生产监察大队", "UNDERTAKER":"张卫国,毛红娟", "REPORTDATE":"2019-03-15 10:00:23", "ISEXISTACCIDENT":"无隐患", "OPERATEPOINTID":26719, "INPECTIONPANDECTID":393806},
    {"OPERATEPOINTNAME":"西格玛奥德里奇（上海）贸易有限公司", "OPTNAME":"浦东新区安全生产监察大队", "UNDERTAKER":"朱代忠,朱春华,金继良", "REPORTDATE":"2019-03-14 13:36:19", "ISEXISTACCIDENT":"无隐患", "OPERATEPOINTID":67, "INPECTIONPANDECTID":393688},
    {"OPERATEPOINTNAME":"上海旭东海普药业有限公司", "OPTNAME":"浦东新区安全生产监察大队", "UNDERTAKER":"朱军,张富华", "REPORTDATE":"2019-03-14 13:18:43", "ISEXISTACCIDENT":"待调查", "OPERATEPOINTID":12502, "INPECTIONPANDECTID":393664},
    {"OPERATEPOINTNAME":"上海上药新亚药业有限公司", "OPTNAME":"浦东新区安全生产监察大队", "UNDERTAKER":"王鹏飞,潘杰,潘燕云,赵诞丽", "REPORTDATE":"2019-03-13 10:53:58", "ISEXISTACCIDENT":"无隐患", "OPERATEPOINTID":32, "INPECTIONPANDECTID":393424},
    {"OPERATEPOINTNAME":"上海天汉环境资源有限公司", "OPTNAME":"浦东新区安全生产监察大队", "UNDERTAKER":"高军,王润", "REPORTDATE":"2019-03-13 09:49:51", "ISEXISTACCIDENT":"无隐患", "OPERATEPOINTID":107395, "INPECTIONPANDECTID":393418},
    {"OPERATEPOINTNAME":"上海高桥大同净水材料有限公司", "OPTNAME":"高桥镇安全生产监察队", "UNDERTAKER":"高喆,蔡灿稳", "REPORTDATE":"2019-03-12 09:00:35", "ISEXISTACCIDENT":"无隐患", "OPERATEPOINTID":2916, "INPECTIONPANDECTID":393113},
    {"OPERATEPOINTNAME":"普莱克斯（上海）半导体气体有限公司", "OPTNAME":"浦东新区安全生产监察大队", "UNDERTAKER":"张卫国,陈宇良", "REPORTDATE":"2019-03-07 13:51:15", "ISEXISTACCIDENT":"无隐患", "OPERATEPOINTID":107, "INPECTIONPANDECTID":392662},
    {"OPERATEPOINTNAME":"上海国际油漆有限公司", "OPTNAME":"浦东新区安全生产监察大队", "UNDERTAKER":"朱军,张富华,王萍", "REPORTDATE":"2019-03-07 13:32:38", "ISEXISTACCIDENT":"待调查", "OPERATEPOINTID":52, "INPECTIONPANDECTID":392666},
    {"OPERATEPOINTNAME":"慧瞻材料科技(上海)有限公司", "OPTNAME":"浦东新区安全生产监察大队", "UNDERTAKER":"王鹏飞,潘杰,潘燕云", "REPORTDATE":"2019-03-06 11:41:06", "ISEXISTACCIDENT":"无隐患", "OPERATEPOINTID":3, "INPECTIONPANDECTID":392444},
    {"OPERATEPOINTNAME":"映瑞光电科技（上海）有限公司", "OPTNAME":"浦东新区安全生产监察大队", "UNDERTAKER":"高军,王润", "REPORTDATE":"2019-03-06 09:54:52", "ISEXISTACCIDENT":"无隐患", "OPERATEPOINTID":4903, "INPECTIONPANDECTID":392419},
    {"OPERATEPOINTNAME":"上海归鸿实业有限公司", "OPTNAME":"浦东新区安全生产监察大队", "UNDERTAKER":"朱代忠,金继良,朱春华,沈燕芳", "REPORTDATE":"2019-03-06 09:23:41", "ISEXISTACCIDENT":"无隐患", "OPERATEPOINTID":103939, "INPECTIONPANDECTID":392414},
    {"OPERATEPOINTNAME":"立邦涂料（中国）有限公司", "OPTNAME":"浦东新区安全生产监察大队", "UNDERTAKER":"杨德胜,李四华", "REPORTDATE":"2019-03-06 08:56:38", "ISEXISTACCIDENT":"无隐患", "OPERATEPOINTID":21409, "INPECTIONPANDECTID":392417},
    {"OPERATEPOINTNAME":"中石化上海石油储运配送分公司高桥石油站", "OPTNAME":"浦东新区安全生产监察大队", "UNDERTAKER":"朱代忠,金继良,朱春华", "REPORTDATE":"2019-03-05 12:04:54", "ISEXISTACCIDENT":"无隐患", "OPERATEPOINTID":23710, "INPECTIONPANDECTID":392242},
    {"OPERATEPOINTNAME":"上海百润投资控股集团股份有限公司", "OPTNAME":"浦东新区安全生产监察大队", "UNDERTAKER":"季广军,李四华", "REPORTDATE":"2019-03-05 10:36:04", "ISEXISTACCIDENT":"无隐患", "OPERATEPOINTID":81, "INPECTIONPANDECTID":392235},
    {"OPERATEPOINTNAME":"上海双基药业有限公司", "OPTNAME":"浦东新区安全生产监察大队", "UNDERTAKER":"季广军,李四华", "REPORTDATE":"2019-03-05 10:04:54", "ISEXISTACCIDENT":"无隐患", "OPERATEPOINTID":11675, "INPECTIONPANDECTID":392225},
    {"OPERATEPOINTNAME":"比欧西气体(苏州)有限公司上海分公司", "OPTNAME":"浦东新区安全生产监察大队", "UNDERTAKER":"王润,奚汉章", "REPORTDATE":"2019-03-05 08:56:17", "ISEXISTACCIDENT":"无隐患", "OPERATEPOINTID":10240, "INPECTIONPANDECTID":392195},
    {"OPERATEPOINTNAME":"长谷川香料（上海）有限公司", "OPTNAME":"浦东新区安全生产监察大队", "UNDERTAKER":"朱军,王萍,张富华", "REPORTDATE":"2019-03-04 14:11:58", "ISEXISTACCIDENT":"待调查", "OPERATEPOINTID":12977, "INPECTIONPANDECTID":392055},
    {"OPERATEPOINTNAME":"上海迪赛诺化学制药有限公司", "OPTNAME":"浦东新区安全生产监察大队", "UNDERTAKER":"朱代忠,朱春华,金继良,胡冬吉", "REPORTDATE":"2019-02-28 10:49:17", "ISEXISTACCIDENT":"无隐患", "OPERATEPOINTID":77, "INPECTIONPANDECTID":391726},
    {"OPERATEPOINTNAME":"上海密尔克卫化工储存有限公司", "OPTNAME":"浦东新区安全生产监察大队", "UNDERTAKER":"朱代忠,金继良,朱春华,胡冬吉", "REPORTDATE":"2019-02-28 09:23:44", "ISEXISTACCIDENT":"无隐患", "OPERATEPOINTID":3625, "INPECTIONPANDECTID":391592},
    {"OPERATEPOINTNAME":"上海上药新亚药业有限公司新先锋制药厂", "OPTNAME":"张江镇安全生产监察队", "UNDERTAKER":"陈海建,魏晓平", "REPORTDATE":"2019-02-27 19:19:17", "ISEXISTACCIDENT":"无隐患", "OPERATEPOINTID":33, "INPECTIONPANDECTID":391486},
    {"OPERATEPOINTNAME":"巴斯夫高桥特性化学品（上海）有限公司", "OPTNAME":"浦东新区安全生产监察大队", "UNDERTAKER":"杨德胜,李四华", "REPORTDATE":"2019-02-22 10:14:19", "ISEXISTACCIDENT":"无隐患", "OPERATEPOINTID":75, "INPECTIONPANDECTID":390137},
    {"OPERATEPOINTNAME":"上海利旦工业气体有限公司", "OPTNAME":"浦东新区安全生产监察大队", "UNDERTAKER":"朱代忠,金继良,朱春华", "REPORTDATE":"2019-02-21 12:04:38", "ISEXISTACCIDENT":"无隐患", "OPERATEPOINTID":19, "INPECTIONPANDECTID":389968},
    {"OPERATEPOINTNAME":"液化空气（上海浦东新区）有限公司", "OPTNAME":"浦东新区安全生产监察大队", "UNDERTAKER":"张卫国,陈宇良", "REPORTDATE":"2019-02-21 08:48:35", "ISEXISTACCIDENT":"无隐患", "OPERATEPOINTID":48, "INPECTIONPANDECTID":389909},
    {"OPERATEPOINTNAME":"上海南汇兴绿精细化工厂", "OPTNAME":"浦东新区安全生产监察大队", "UNDERTAKER":"朱代忠,朱春华,金继良", "REPORTDATE":"2019-02-21 08:46:01", "ISEXISTACCIDENT":"无隐患", "OPERATEPOINTID":51, "INPECTIONPANDECTID":389903},
    {"OPERATEPOINTNAME":"中石化上海石油储运配送分公司高桥石油站", "OPTNAME":"浦东新区安全生产监察大队", "UNDERTAKER":"周青", "REPORTDATE":"2019-02-20 14:56:50", "ISEXISTACCIDENT":"无隐患", "OPERATEPOINTID":23710, "INPECTIONPANDECTID":316691},
    {"OPERATEPOINTNAME":"上海欧利生东邦涂料有限公司", "OPTNAME":"浦东新区安全生产监察大队", "UNDERTAKER":"朱军,王萍,张富华", "REPORTDATE":"2019-02-20 12:12:33", "ISEXISTACCIDENT":"待调查", "OPERATEPOINTID":11916, "INPECTIONPANDECTID":389666},
    {"OPERATEPOINTNAME":"日陆物流（上海）有限公司", "OPTNAME":"浦东新区安全生产监察大队", "UNDERTAKER":"高军,王润", "REPORTDATE":"2019-02-20 12:06:51", "ISEXISTACCIDENT":"无隐患", "OPERATEPOINTID":3388, "INPECTIONPANDECTID":389663},
    {"OPERATEPOINTNAME":"上海日陆外联发物流有限公司", "OPTNAME":"浦东新区安全生产监察大队", "UNDERTAKER":"潘杰,王鹏飞,潘燕云", "REPORTDATE":"2019-02-20 10:00:01", "ISEXISTACCIDENT":"无隐患", "OPERATEPOINTID":5, "INPECTIONPANDECTID":389614},
    {"OPERATEPOINTNAME":"世天威化工物流（上海）有限公司", "OPTNAME":"浦东新区安全生产监察大队", "UNDERTAKER":"王鹏飞,潘杰,潘燕云", "REPORTDATE":"2019-02-20 09:51:36", "ISEXISTACCIDENT":"无隐患", "OPERATEPOINTID":39, "INPECTIONPANDECTID":389648},
    {"OPERATEPOINTNAME":"上海凯密特尔化学品有限公司", "OPTNAME":"浦东新区安全生产监察大队", "UNDERTAKER":"季广军,李四华", "REPORTDATE":"2019-02-20 09:44:32", "ISEXISTACCIDENT":"无隐患", "OPERATEPOINTID":13084, "INPECTIONPANDECTID":389619},
    {"OPERATEPOINTNAME":"上海高纯气体有限公司", "OPTNAME":"浦东新区安全生产监察大队", "UNDERTAKER":"朱代忠,朱春华,金继良", "REPORTDATE":"2019-02-20 09:19:39", "ISEXISTACCIDENT":"无隐患", "OPERATEPOINTID":20262, "INPECTIONPANDECTID":389631},
    {"OPERATEPOINTNAME":"上海高桥制氧有限公司1", "OPTNAME":"浦东新区安全生产监察大队", "UNDERTAKER":"朱代忠,金继良,朱春华", "REPORTDATE":"2019-02-20 09:00:33", "ISEXISTACCIDENT":"无隐患", "OPERATEPOINTID":16130, "INPECTIONPANDECTID":389606},
    {"OPERATEPOINTNAME":"上海世壮新能源科技有限公司", "OPTNAME":"老港镇安全生产监察队", "UNDERTAKER":"杨晓东,王丽平", "REPORTDATE":"2019-02-19 14:54:50", "ISEXISTACCIDENT":"无隐患", "OPERATEPOINTID":3546, "INPECTIONPANDECTID":389486},
    {"OPERATEPOINTNAME":"上海征宇反光材料有限公司", "OPTNAME":"浦东新区安全生产监察大队", "UNDERTAKER":"朱军,王萍,张富华", "REPORTDATE":"2019-02-19 13:35:38", "ISEXISTACCIDENT":"待调查", "OPERATEPOINTID":28, "INPECTIONPANDECTID":389470},
    {"OPERATEPOINTNAME":"上海鸿盛工业气体有限公司", "OPTNAME":"浦东新区安全生产监察大队", "UNDERTAKER":"王鹏飞,潘杰,潘燕云", "REPORTDATE":"2019-02-18 12:03:54", "ISEXISTACCIDENT":"无隐患", "OPERATEPOINTID":12, "INPECTIONPANDECTID":389294},
    {"OPERATEPOINTNAME":"上海石油天然气有限公司天然气处理厂", "OPTNAME":"浦东新区安全生产监察大队", "UNDERTAKER":"王鹏飞,潘杰,胡冬吉,潘燕云", "REPORTDATE":"2019-02-18 09:34:59", "ISEXISTACCIDENT":"无隐患", "OPERATEPOINTID":83, "INPECTIONPANDECTID":389274},
    {"OPERATEPOINTNAME":"奇华顿食用香精香料(上海)有限公司", "OPTNAME":"浦东新区安全生产监察大队", "UNDERTAKER":"高军,奚汉章", "REPORTDATE":"2019-02-15 08:46:20", "ISEXISTACCIDENT":"无隐患", "OPERATEPOINTID":16102, "INPECTIONPANDECTID":389224},
    {"OPERATEPOINTNAME":"上海上药信谊药厂有限公司制药二厂", "OPTNAME":"浦东新区安全生产监察大队", "UNDERTAKER":"高军,奚汉章", "REPORTDATE":"2019-02-15 08:14:45", "ISEXISTACCIDENT":"无隐患", "OPERATEPOINTID":4795, "INPECTIONPANDECTID":389219},
    {"OPERATEPOINTNAME":"上海大宛食品有限公司", "OPTNAME":"浦东新区安全生产监察大队", "UNDERTAKER":"季广军,李四华", "REPORTDATE":"2019-02-14 10:05:37", "ISEXISTACCIDENT":"无隐患", "OPERATEPOINTID":11647, "INPECTIONPANDECTID":389177},
    {"OPERATEPOINTNAME":"上海亿升海运仓储有限公司", "OPTNAME":"浦东新区安全生产监察大队", "UNDERTAKER":"高军,奚汉章", "REPORTDATE":"2019-02-14 10:00:23", "ISEXISTACCIDENT":"无隐患", "OPERATEPOINTID":64, "INPECTIONPANDECTID":389165},
    {"OPERATEPOINTNAME":"上海铁联化轻仓储有限公司", "OPTNAME":"浦东新区安全生产监察大队", "UNDERTAKER":"王鹏飞,潘杰,潘燕云,赵诞丽", "REPORTDATE":"2019-02-13 13:22:05", "ISEXISTACCIDENT":"无隐患", "OPERATEPOINTID":38, "INPECTIONPANDECTID":389107},
    {"OPERATEPOINTNAME":"盛联精密气体（上海）有限公司", "OPTNAME":"浦东新区安全生产监察大队", "UNDERTAKER":"张卫国,陈宇良", "REPORTDATE":"2019-02-13 09:54:45", "ISEXISTACCIDENT":"无隐患", "OPERATEPOINTID":12043, "INPECTIONPANDECTID":389085},
    {"OPERATEPOINTNAME":"德之馨（上海）有限公司", "OPTNAME":"浦东新区安全生产监察大队", "UNDERTAKER":"朱军,王萍,张富华", "REPORTDATE":"2019-02-12 13:47:21", "ISEXISTACCIDENT":"待调查", "OPERATEPOINTID":61, "INPECTIONPANDECTID":389027},
    {"OPERATEPOINTNAME":"巴斯夫催化剂(上海)有限公司", "OPTNAME":"浦东新区安全生产监察大队", "UNDERTAKER":"朱军,王萍,张富华", "REPORTDATE":"2019-02-11 14:29:14", "ISEXISTACCIDENT":"待调查", "OPERATEPOINTID":12513, "INPECTIONPANDECTID":388947},
    {"OPERATEPOINTNAME":"上海东士石油化工有限公司", "OPTNAME":"浦东新区安全生产监察大队", "UNDERTAKER":"张卫国,陈宇良", "REPORTDATE":"2019-02-01 08:39:42", "ISEXISTACCIDENT":"有隐患", "OPERATEPOINTID":150, "INPECTIONPANDECTID":388823},
    {"OPERATEPOINTNAME":"上海浦东伏龙仓储有限公司", "OPTNAME":"浦东新区安全生产监察大队", "UNDERTAKER":"高军,王润", "REPORTDATE":"2019-01-30 09:37:18", "ISEXISTACCIDENT":"无隐患", "OPERATEPOINTID":131, "INPECTIONPANDECTID":388627},
    {"OPERATEPOINTNAME":"上海维港精细化工有限公司", "OPTNAME":"浦东新区安全生产监察大队", "UNDERTAKER":"朱代忠,朱春华,金继良", "REPORTDATE":"2019-01-29 09:55:28", "ISEXISTACCIDENT":"无隐患", "OPERATEPOINTID":3532, "INPECTIONPANDECTID":388484},
    {"OPERATEPOINTNAME":"上海双基药业有限公司", "OPTNAME":"浦东新区安全生产监察大队", "UNDERTAKER":"朱军,王萍,张富华", "REPORTDATE":"2019-01-29 09:46:15", "ISEXISTACCIDENT":"待调查", "OPERATEPOINTID":11675, "INPECTIONPANDECTID":388462},
    {"OPERATEPOINTNAME":"上海振义企业发展有限公司", "OPTNAME":"浦东新区安全生产监察大队", "UNDERTAKER":"高军,王润", "REPORTDATE":"2019-01-28 14:22:30", "ISEXISTACCIDENT":"无隐患", "OPERATEPOINTID":17363, "INPECTIONPANDECTID":388338},
    {"OPERATEPOINTNAME":"上海东士石油化工有限公司", "OPTNAME":"浦东新区安全生产监察大队", "UNDERTAKER":"张卫国,陈宇良", "REPORTDATE":"2019-01-28 13:11:01", "ISEXISTACCIDENT":"无隐患", "OPERATEPOINTID":150, "INPECTIONPANDECTID":388325},
    {"OPERATEPOINTNAME":"映瑞光电科技（上海）有限公司", "OPTNAME":"浦东新区安全生产监察大队", "UNDERTAKER":"高军,王润", "REPORTDATE":"2019-01-25 10:02:20", "ISEXISTACCIDENT":"无隐患", "OPERATEPOINTID":4903, "INPECTIONPANDECTID":387996},
    {"OPERATEPOINTNAME":"上海创丰特殊树脂有限公司", "OPTNAME":"浦东新区安全生产监察大队", "UNDERTAKER":"朱代忠,金继良,朱春华", "REPORTDATE":"2019-01-22 12:50:13", "ISEXISTACCIDENT":"无隐患", "OPERATEPOINTID":11157, "INPECTIONPANDECTID":387546},
    {"OPERATEPOINTNAME":"上海踏浪精细化工有限公司", "OPTNAME":"浦东新区安全生产监察大队", "UNDERTAKER":"朱代忠,朱春华,金继良", "REPORTDATE":"2019-01-22 09:57:59", "ISEXISTACCIDENT":"无隐患", "OPERATEPOINTID":3627, "INPECTIONPANDECTID":387525},
    {"OPERATEPOINTNAME":"上海牡丹香精香料有限公司", "OPTNAME":"浦东新区安全生产监察大队", "UNDERTAKER":"张卫国,陈宇良", "REPORTDATE":"2019-01-21 09:56:16", "ISEXISTACCIDENT":"无隐患", "OPERATEPOINTID":142, "INPECTIONPANDECTID":387386},
    {"OPERATEPOINTNAME":"上海航头工业气体经营部", "OPTNAME":"浦东新区安全生产监察大队", "UNDERTAKER":"朱代忠,朱春华,金继良", "REPORTDATE":"2019-01-16 14:32:06", "ISEXISTACCIDENT":"无隐患", "OPERATEPOINTID":18718, "INPECTIONPANDECTID":387022},
    {"OPERATEPOINTNAME":"上海亚远化纺有限公司", "OPTNAME":"浦东新区安全生产监察大队", "UNDERTAKER":"季广军,李四华", "REPORTDATE":"2019-01-16 10:16:19", "ISEXISTACCIDENT":"无隐患", "OPERATEPOINTID":22250, "INPECTIONPANDECTID":386966},
    {"OPERATEPOINTNAME":"上海沪康工业气体有限公司", "OPTNAME":"浦东新区安全生产监察大队", "UNDERTAKER":"季广军,李四华", "REPORTDATE":"2019-01-11 13:58:04", "ISEXISTACCIDENT":"无隐患", "OPERATEPOINTID":13, "INPECTIONPANDECTID":386584},
    {"OPERATEPOINTNAME":"上海高砂·鉴臣香料有限公司", "OPTNAME":"浦东新区安全生产监察大队", "UNDERTAKER":"季广军,李四华", "REPORTDATE":"2019-01-11 13:33:58", "ISEXISTACCIDENT":"无隐患", "OPERATEPOINTID":119224, "INPECTIONPANDECTID":386574},
    {"OPERATEPOINTNAME":"中钞油墨有限公司", "OPTNAME":"浦东新区安全生产监察大队", "UNDERTAKER":"季广军,李四华", "REPORTDATE":"2019-01-11 12:34:59", "ISEXISTACCIDENT":"无隐患", "OPERATEPOINTID":20787, "INPECTIONPANDECTID":386569},
    {"OPERATEPOINTNAME":"奇华顿日用香精香料（上海）有限公司", "OPTNAME":"浦东新区安全生产监察大队", "UNDERTAKER":"张卫国,陈宇良", "REPORTDATE":"2019-01-10 14:30:28", "ISEXISTACCIDENT":"无隐患", "OPERATEPOINTID":93, "INPECTIONPANDECTID":386480},
    {"OPERATEPOINTNAME":"上海罗氏制药有限公司", "OPTNAME":"浦东新区安全生产监察大队", "UNDERTAKER":"张卫国,陈宇良", "REPORTDATE":"2019-01-10 13:19:13", "ISEXISTACCIDENT":"无隐患", "OPERATEPOINTID":2004, "INPECTIONPANDECTID":386455},
    {"OPERATEPOINTNAME":"上海稳富实业有限公司", "OPTNAME":"浦东新区安全生产监察大队", "UNDERTAKER":"高军,王润", "REPORTDATE":"2019-01-10 09:56:17", "ISEXISTACCIDENT":"无隐患", "OPERATEPOINTID":12485, "INPECTIONPANDECTID":386435},
    {"OPERATEPOINTNAME":"上海浦航石油有限公司", "OPTNAME":"浦东新区安全生产监察大队", "UNDERTAKER":"王鹏飞,潘杰,潘燕云,赵诞丽", "REPORTDATE":"2019-01-10 09:41:30", "ISEXISTACCIDENT":"无隐患", "OPERATEPOINTID":62, "INPECTIONPANDECTID":386421},
    {"OPERATEPOINTNAME":"上海隆澜实业有限公司", "OPTNAME":"浦东新区安全生产监察大队", "UNDERTAKER":"高军,王润", "REPORTDATE":"2019-01-10 08:31:12", "ISEXISTACCIDENT":"无隐患", "OPERATEPOINTID":12488, "INPECTIONPANDECTID":386399},
    {"OPERATEPOINTNAME":"上海元邦化工制造有限公司", "OPTNAME":"浦东新区安全生产监察大队", "UNDERTAKER":"朱代忠,朱春华,金继良", "REPORTDATE":"2019-01-09 11:19:23", "ISEXISTACCIDENT":"无隐患", "OPERATEPOINTID":3602, "INPECTIONPANDECTID":386325},
    {"OPERATEPOINTNAME":"上海沧海工业气体有限公司", "OPTNAME":"浦东新区安全生产监察大队", "UNDERTAKER":"季广军,李四华", "REPORTDATE":"2019-01-09 10:28:39", "ISEXISTACCIDENT":"无隐患", "OPERATEPOINTID":42, "INPECTIONPANDECTID":386320},
    {"OPERATEPOINTNAME":"上海创诺制药有限公司", "OPTNAME":"浦东新区安全生产监察大队", "UNDERTAKER":"季广军,李四华", "REPORTDATE":"2019-01-09 10:12:31", "ISEXISTACCIDENT":"无隐患", "OPERATEPOINTID":44, "INPECTIONPANDECTID":386314},
    {"OPERATEPOINTNAME":"上海上药信谊药厂有限公司制药总厂", "OPTNAME":"浦东新区安全生产监察大队", "UNDERTAKER":"朱军,张富华", "REPORTDATE":"2019-01-08 14:11:17", "ISEXISTACCIDENT":"待调查", "OPERATEPOINTID":12495, "INPECTIONPANDECTID":386140},
    {"OPERATEPOINTNAME":"上海天地涂料有限公司", "OPTNAME":"浦东新区安全生产监察大队", "UNDERTAKER":"朱军,王萍,张富华", "REPORTDATE":"2019-01-04 10:04:00", "ISEXISTACCIDENT":"待调查", "OPERATEPOINTID":10663, "INPECTIONPANDECTID":385675},
    {"OPERATEPOINTNAME":"林德气体（上海）有限公司", "OPTNAME":"浦东新区安全生产监察大队", "UNDERTAKER":"朱军,王萍,张富华", "REPORTDATE":"2019-01-03 13:17:26", "ISEXISTACCIDENT":"待调查", "OPERATEPOINTID":109074, "INPECTIONPANDECTID":385551},
    {"OPERATEPOINTNAME":"上海普莱克斯仪电实用气体有限公司", "OPTNAME":"浦东新区安全生产监察大队", "UNDERTAKER":"朱军,王萍,张富华", "REPORTDATE":"2019-01-03 13:12:17", "ISEXISTACCIDENT":"待调查", "OPERATEPOINTID":118, "INPECTIONPANDECTID":385535}]
    