[{"OPERATEPOINTNAME":"林德气体（上海）有限公司", "OPTNAME":"浦东新区安全生产监察大队", "UNDERTAKER":"朱军,张富华", "REPORTDATE":"2019-05-21 13:09:02", "ISEXISTACCIDENT":"带调查", "OPERATEPOINTID":109074, "INPECTIONPANDECTID":402729},
    {"OPERATEPOINTNAME":"上海普莱克斯仪电实用气体有限公司", "OPTNAME":"浦东新区安全生产监察大队", "UNDERTAKER":"朱军,张富华", "REPORTDATE":"2019-05-21 12:00:30", "ISEXISTACCIDENT":"带调查", "OPERATEPOINTID":118, "INPECTIONPANDECTID":402697},
    {"OPERATEPOINTNAME":"上海天汉环境资源有限公司", "OPTNAME":"浦东新区安全生产监察大队", "UNDERTAKER":"高军,王润", "REPORTDATE":"2019-05-21 10:24:56", "ISEXISTACCIDENT":"无隐患", "OPERATEPOINTID":107395, "INPECTIONPANDECTID":402695},
    {"OPERATEPOINTNAME":"上海国际油漆有限公司", "OPTNAME":"浦东新区安全生产监察大队", "UNDERTAKER":"朱军,张富华", "REPORTDATE":"2019-05-21 08:45:35", "ISEXISTACCIDENT":"带调查", "OPERATEPOINTID":52, "INPECTIONPANDECTID":402633},
    {"OPERATEPOINTNAME":"上海高桥大同净水材料有限公司", "OPTNAME":"浦东新区安全生产监察大队", "UNDERTAKER":"金继良,朱代忠,朱春华", "REPORTDATE":"2019-05-14 15:11:44", "ISEXISTACCIDENT":"有隐患", "OPERATEPOINTID":2916, "INPECTIONPANDECTID":401838},
    {"OPERATEPOINTNAME":"上海上药信谊药厂有限公司制药二厂", "OPTNAME":"浦东新区安全生产监察大队", "UNDERTAKER":"高军,王润", "REPORTDATE":"2019-05-09 14:12:47", "ISEXISTACCIDENT":"有隐患", "OPERATEPOINTID":4795, "INPECTIONPANDECTID":401302},
    {"OPERATEPOINTNAME":"上海庄臣有限公司", "OPTNAME":"浦东新区安全生产监察大队", "UNDERTAKER":"朱军,张富华", "REPORTDATE":"2019-04-30 09:13:45", "ISEXISTACCIDENT":"带调查", "OPERATEPOINTID":27, "INPECTIONPANDECTID":400356},
    {"OPERATEPOINTNAME":"上海运泽实业有限公司", "OPTNAME":"浦东新区安全生产监察大队", "UNDERTAKER":"朱代忠,金继良", "REPORTDATE":"2019-04-29 15:11:25", "ISEXISTACCIDENT":"带调查", "OPERATEPOINTID":37, "INPECTIONPANDECTID":400288},
    {"OPERATEPOINTNAME":"上海密尔克卫化工储存有限公司", "OPTNAME":"浦东新区安全生产监察大队", "UNDERTAKER":"朱代忠,金继良", "REPORTDATE":"2019-04-28 13:38:14", "ISEXISTACCIDENT":"带调查", "OPERATEPOINTID":3625, "INPECTIONPANDECTID":400081},
    {"OPERATEPOINTNAME":"盛联精密气体（上海）有限公司", "OPTNAME":"浦东新区安全生产监察大队", "UNDERTAKER":"张卫国,毛红娟", "REPORTDATE":"2019-04-25 12:11:53", "ISEXISTACCIDENT":"无隐患", "OPERATEPOINTID":12043, "INPECTIONPANDECTID":399247},
    {"OPERATEPOINTNAME":"液化空气（上海浦东新区）有限公司", "OPTNAME":"浦东新区安全生产监察大队", "UNDERTAKER":"张卫国,毛红娟", "REPORTDATE":"2019-04-23 09:28:33", "ISEXISTACCIDENT":"无隐患", "OPERATEPOINTID":48, "INPECTIONPANDECTID":398825},
    {"OPERATEPOINTNAME":"上海凯密特尔化学品有限公司", "OPTNAME":"浦东新区安全生产监察大队", "UNDERTAKER":"季广军,宋红", "REPORTDATE":"2019-04-17 13:51:08", "ISEXISTACCIDENT":"无隐患", "OPERATEPOINTID":13084, "INPECTIONPANDECTID":398050},
    {"OPERATEPOINTNAME":"上海沪康工业气体有限公司", "OPTNAME":"浦东新区安全生产监察大队", "UNDERTAKER":"沈燕芳,季广军,李四华", "REPORTDATE":"2019-04-17 13:13:09", "ISEXISTACCIDENT":"无隐患", "OPERATEPOINTID":13, "INPECTIONPANDECTID":398034},
    {"OPERATEPOINTNAME":"上海天然气管网有限公司", "OPTNAME":"北蔡镇安全生产监察队", "UNDERTAKER":"顾卓君,戴连喜", "REPORTDATE":"2019-04-17 09:49:57", "ISEXISTACCIDENT":"无隐患", "OPERATEPOINTID":116172, "INPECTIONPANDECTID":398013}]
    