
{
    "first":{
      "companyName":"浦东危化品物联网智能监管平台",
      "time":"w",
      "department":"",
      "position":"",
      "project":[
        {
          "name":"",
          "time":"",
          "content":"",
          "technology":""
        }
      ]
    },
    "secondWork":{
      "companyName":"",
      "time":"",
      "department":"",
      "position":"",
      "project":[
        {
          "name":"",
          "time":"",
          "content":"",
          "technology":""
        }
      ]
    },
    "thirdWork":{
      "companyName":"",
      "time":"",
      "department":"",
      "position":"",
      "project":[
        {
          "name":"",
          "time":"",
          "content":"",
          "technology":""
        }
      ]
    },
    "fourthWork":{
      "companyName":"",
      "time":"",
      "department":"",
      "position":"",
      "project":[
        {
          "name":"",
          "time":"",
          "content":"",
          "technology":""
        }
      ]
    }
  }
 