[
    {
        "OPTNAME": "上海亚远化纺有限公司",
        "LEGALPERSON": "张增宽",
        "CRELEVEL": "好",
        "CREDITSCORE": 110,
        "PUBLICCREDIT": "绿灯",
        "OPTID": 22250
    },
    {
        "OPTNAME": "上海振义企业发展有限公司",
        "LEGALPERSON": "江震",
        "CRELEVEL": "好",
        "CREDITSCORE": 130,
        "PUBLICCREDIT": "绿灯",
        "OPTID": 17363
    },
    {
        "OPTNAME": "日陆物流（上海）有限公司",
        "LEGALPERSON": "I-HUANG LIN",
        "CRELEVEL": "好",
        "CREDITSCORE": 100,
        "PUBLICCREDIT": "绿灯",
        "OPTID": 3388
    },
    {
        "OPTNAME": "上海隆澜实业有限公司",
        "LEGALPERSON": "陶勇义",
        "CRELEVEL": "好",
        "CREDITSCORE": 100,
        "PUBLICCREDIT": "绿灯",
        "OPTID": 12488
    },
    {
        "OPTNAME": "上海浦航石油有限公司",
        "LEGALPERSON": "朱传武",
        "CRELEVEL": "好",
        "CREDITSCORE": 120,
        "PUBLICCREDIT": "绿灯",
        "OPTID": 62
    },
    {
        "OPTNAME": "世天威化工物流（上海）有限公司",
        "LEGALPERSON": "鲁博健 ",
        "CRELEVEL": "好",
        "CREDITSCORE": 115,
        "PUBLICCREDIT": "绿灯",
        "OPTID": 39
    },
    {
        "OPTNAME": "上海铁联化轻仓储有限公司",
        "LEGALPERSON": "胡旭宏",
        "CRELEVEL": "好",
        "CREDITSCORE": 110,
        "PUBLICCREDIT": "绿灯",
        "OPTID": 38
    },
    {
        "OPTNAME": "上海东士石油化工有限公司",
        "LEGALPERSON": "沈利德",
        "CRELEVEL": "好",
        "CREDITSCORE": 105,
        "PUBLICCREDIT": "绿灯",
        "OPTID": 150
    },
    {
        "OPTNAME": "上海运泽实业有限公司",
        "LEGALPERSON": "袁国锋",
        "CRELEVEL": "好",
        "CREDITSCORE": 110,
        "PUBLICCREDIT": "绿灯",
        "OPTID": 37
    },
    {
        "OPTNAME": "上海亿升海运仓储有限公司",
        "LEGALPERSON": "顾宇民",
        "CRELEVEL": "好",
        "CREDITSCORE": 100,
        "PUBLICCREDIT": "绿灯",
        "OPTID": 64
    },
    {
        "OPTNAME": "中国石化销售有限公司上海石油储运配送分公司高桥石油站",
        "LEGALPERSON": "戴培革",
        "CRELEVEL": "好",
        "CREDITSCORE": 100,
        "PUBLICCREDIT": "绿灯",
        "OPTID": 23710
    },
    {
        "OPTNAME": "巴斯夫新材料有限公司",
        "LEGALPERSON": "DR. STEPHAN KOTHRADE",
        "CRELEVEL": "好",
        "CREDITSCORE": 120,
        "PUBLICCREDIT": "绿灯",
        "OPTID": 91
    },
    {
        "OPTNAME": "巴斯夫高桥特性化学品（上海）有限公司",
        "LEGALPERSON": "侯晓明",
        "CRELEVEL": "好",
        "CREDITSCORE": 130,
        "PUBLICCREDIT": "绿灯",
        "OPTID": 75
    },
    {
        "OPTNAME": "奇华顿食用香精香料(上海)有限公司",
        "LEGALPERSON": "Georges Sanchez",
        "CRELEVEL": "好",
        "CREDITSCORE": 115,
        "PUBLICCREDIT": "绿灯",
        "OPTID": 16102
    },
    {
        "OPTNAME": "液化空气（上海浦东新区）有限公司",
        "LEGALPERSON": "阎金平",
        "CRELEVEL": "好",
        "CREDITSCORE": 105,
        "PUBLICCREDIT": "绿灯",
        "OPTID": 48
    },
    {
        "OPTNAME": "慧瞻材料科技(上海)有限公司",
        "LEGALPERSON": "Chen TIANNIU",
        "CRELEVEL": "好",
        "CREDITSCORE": 110,
        "PUBLICCREDIT": "绿灯",
        "OPTID": 3
    },
    {
        "OPTNAME": "上海天汉环境资源有限公司",
        "LEGALPERSON": "赵连生",
        "CRELEVEL": "好",
        "CREDITSCORE": 100,
        "PUBLICCREDIT": "绿灯",
        "OPTID": 107395
    },
    {
        "OPTNAME": "奇华顿日用香精香料（上海）有限公司",
        "LEGALPERSON": "Georges Sanchez",
        "CRELEVEL": "好",
        "CREDITSCORE": 110,
        "PUBLICCREDIT": "绿灯",
        "OPTID": 93
    },
    {
        "OPTNAME": "上海维港精细化工有限公司",
        "LEGALPERSON": "黄金军",
        "CRELEVEL": "好",
        "CREDITSCORE": 100,
        "PUBLICCREDIT": "绿灯",
        "OPTID": 3532
    },
    {
        "OPTNAME": "上海国际油漆有限公司",
        "LEGALPERSON": "蒋清华",
        "CRELEVEL": "好",
        "CREDITSCORE": 100,
        "PUBLICCREDIT": "绿灯",
        "OPTID": 52
    },
    {
        "OPTNAME": "上海牡丹香精香料有限公司",
        "LEGALPERSON": "张敏",
        "CRELEVEL": "好",
        "CREDITSCORE": 110,
        "PUBLICCREDIT": "绿灯",
        "OPTID": 142
    },
    {
        "OPTNAME": "上海鸿盛工业气体有限公司",
        "LEGALPERSON": "姚丽君",
        "CRELEVEL": "好",
        "CREDITSCORE": 100,
        "PUBLICCREDIT": "绿灯",
        "OPTID": 12
    },
    {
        "OPTNAME": "上海利旦工业气体有限公司",
        "LEGALPERSON": "陆新珍",
        "CRELEVEL": "好",
        "CREDITSCORE": 100,
        "PUBLICCREDIT": "绿灯",
        "OPTID": 19
    },
    {
        "OPTNAME": "上海欧利生东邦涂料有限公司",
        "LEGALPERSON": "长尾憲忠",
        "CRELEVEL": "好",
        "CREDITSCORE": 120,
        "PUBLICCREDIT": "绿灯",
        "OPTID": 11916
    },
    {
        "OPTNAME": "上海征宇反光材料有限公司",
        "LEGALPERSON": "黄征宇  ",
        "CRELEVEL": "好",
        "CREDITSCORE": 100,
        "PUBLICCREDIT": "绿灯",
        "OPTID": 28
    },
    {
        "OPTNAME": "长谷川香料（上海）有限公司",
        "LEGALPERSON": "成田正人",
        "CRELEVEL": "好",
        "CREDITSCORE": 110,
        "PUBLICCREDIT": "绿灯",
        "OPTID": 12977
    },
    {
        "OPTNAME": "上海百润投资控股集团股份有限公司",
        "LEGALPERSON": "刘晓东",
        "CRELEVEL": "好",
        "CREDITSCORE": 105,
        "PUBLICCREDIT": "绿灯",
        "OPTID": 81
    },
    {
        "OPTNAME": "比欧西气体(苏州)有限公司上海分公司",
        "LEGALPERSON": "Theodore  Martin",
        "CRELEVEL": "好",
        "CREDITSCORE": 100,
        "PUBLICCREDIT": "绿灯",
        "OPTID": 10240
    },
    {
        "OPTNAME": "空气化工产品气体（上海）有限公司",
        "LEGALPERSON": "HONG KOK MENG   ",
        "CRELEVEL": "好",
        "CREDITSCORE": 100,
        "PUBLICCREDIT": "绿灯",
        "OPTID": 218
    },
    {
        "OPTNAME": "上海高纯气体有限公司",
        "LEGALPERSON": "戴建跃",
        "CRELEVEL": "好",
        "CREDITSCORE": 105,
        "PUBLICCREDIT": "绿灯",
        "OPTID": 20262
    },
    {
        "OPTNAME": "上海天地涂料有限公司",
        "LEGALPERSON": "朱正国",
        "CRELEVEL": "好",
        "CREDITSCORE": 100,
        "PUBLICCREDIT": "绿灯",
        "OPTID": 10663
    },
    {
        "OPTNAME": "林德气体（上海）有限公司",
        "LEGALPERSON": "朱国盛",
        "CRELEVEL": "好",
        "CREDITSCORE": 100,
        "PUBLICCREDIT": "绿灯",
        "OPTID": 109074
    },
    {
        "OPTNAME": "上海石油天然气有限公司天然气处理厂",
        "LEGALPERSON": "奚力强",
        "CRELEVEL": "好",
        "CREDITSCORE": 100,
        "PUBLICCREDIT": "绿灯",
        "OPTID": 83
    },
    {
        "OPTNAME": "上海上药信谊药厂有限公司制药二厂",
        "LEGALPERSON": "顾浩亮",
        "CRELEVEL": "好",
        "CREDITSCORE": 115,
        "PUBLICCREDIT": "绿灯",
        "OPTID": 4795
    },
    {
        "OPTNAME": "上海现代制药股份有限公司",
        "LEGALPERSON": "周斌",
        "CRELEVEL": "好",
        "CREDITSCORE": 115,
        "PUBLICCREDIT": "绿灯",
        "OPTID": 14080
    },
    {
        "OPTNAME": "上海高桥大同净水材料有限公司",
        "LEGALPERSON": "唐云峰",
        "CRELEVEL": "好",
        "CREDITSCORE": 100,
        "PUBLICCREDIT": "绿灯",
        "OPTID": 2916
    },
    {
        "OPTNAME": "雅博色彩科技（上海）有限公司",
        "LEGALPERSON": "宇德源",
        "CRELEVEL": "好",
        "CREDITSCORE": 105,
        "PUBLICCREDIT": "绿灯",
        "OPTID": 11521
    },
    {
        "OPTNAME": "上海丽珠制药有限公司",
        "LEGALPERSON": "陶德胜",
        "CRELEVEL": "好",
        "CREDITSCORE": 110,
        "PUBLICCREDIT": "绿灯",
        "OPTID": 128
    },
    {
        "OPTNAME": "上海旭东海普药业有限公司",
        "LEGALPERSON": "姚伟",
        "CRELEVEL": "好",
        "CREDITSCORE": 115,
        "PUBLICCREDIT": "绿灯",
        "OPTID": 12502
    },
    {
        "OPTNAME": "上海上药信谊药厂有限公司制药总厂",
        "LEGALPERSON": "毛毅斌",
        "CRELEVEL": "好",
        "CREDITSCORE": 115,
        "PUBLICCREDIT": "绿灯",
        "OPTID": 12495
    },
    {
        "OPTNAME": "中钞油墨有限公司",
        "LEGALPERSON": "郭清波",
        "CRELEVEL": "好",
        "CREDITSCORE": 120,
        "PUBLICCREDIT": "绿灯",
        "OPTID": 20787
    },
    {
        "OPTNAME": "上海迪赛诺化学制药有限公司",
        "LEGALPERSON": "李金亮",
        "CRELEVEL": "好",
        "CREDITSCORE": 105,
        "PUBLICCREDIT": "绿灯",
        "OPTID": 77
    },
    {
        "OPTNAME": "上海凯密特尔化学品有限公司",
        "LEGALPERSON": "MICHAEL JOHN WATSON",
        "CRELEVEL": "好",
        "CREDITSCORE": 105,
        "PUBLICCREDIT": "绿灯",
        "OPTID": 13084
    },
    {
        "OPTNAME": "上海上药新亚药业有限公司新先锋制药厂",
        "LEGALPERSON": "曾垂宇",
        "CRELEVEL": "好",
        "CREDITSCORE": 110,
        "PUBLICCREDIT": "绿灯",
        "OPTID": 33
    },
    {
        "OPTNAME": "扬子江药业集团上海海尼药业有限公司",
        "LEGALPERSON": "徐镜人",
        "CRELEVEL": "好",
        "CREDITSCORE": 115,
        "PUBLICCREDIT": "绿灯",
        "OPTID": 11759
    },
    {
        "OPTNAME": "液化空气（上海）国际贸易有限公司",
        "LEGALPERSON": "阎金平",
        "CRELEVEL": "好",
        "CREDITSCORE": 110,
        "PUBLICCREDIT": "绿灯",
        "OPTID": 19963
    },
    {
        "OPTNAME": "上海天然气管网有限公司",
        "LEGALPERSON": "金东琦",
        "CRELEVEL": "好",
        "CREDITSCORE": 100,
        "PUBLICCREDIT": "绿灯",
        "OPTID": 116172
    },
    {
        "OPTNAME": "卡特彼勒物流（上海）有限公司",
        "LEGALPERSON": "段钊",
        "CRELEVEL": "好",
        "CREDITSCORE": 115,
        "PUBLICCREDIT": "绿灯",
        "OPTID": 13628
    },
    {
        "OPTNAME": "上海光和气体工业气体有限公司大团分公司",
        "LEGALPERSON": "徐水林",
        "CRELEVEL": "好",
        "CREDITSCORE": 100,
        "PUBLICCREDIT": "绿灯",
        "OPTID": 9647
    },
    {
        "OPTNAME": "上海沧海工业气体有限公司",
        "LEGALPERSON": "王军华",
        "CRELEVEL": "好",
        "CREDITSCORE": 100,
        "PUBLICCREDIT": "绿灯",
        "OPTID": 42
    },
    {
        "OPTNAME": "上海航头工业气体经营部",
        "LEGALPERSON": "姚建国",
        "CRELEVEL": "好",
        "CREDITSCORE": 100,
        "PUBLICCREDIT": "绿灯",
        "OPTID": 18718
    },
    {
        "OPTNAME": "上海沪康工业气体有限公司",
        "LEGALPERSON": " 潘明照  ",
        "CRELEVEL": "好",
        "CREDITSCORE": 110,
        "PUBLICCREDIT": "绿灯",
        "OPTID": 13
    }
]