[{"OPTNAME":"上海亚远化纺有限公司", "CREDITSCORELEAVEL":"好", "PUBLICCREDIT":"绿灯", "RECEIVABLEPENALTY":0, "DECISION":"无", "NUMD":10, "STORARDLEVELTYPEID":"安全生产标准化达标等级为三级,时间：2017\/08\/01", "CREDITSCORE":110, "OPTID":22250},
{"OPTNAME":"上海稳富实业有限公司", "CREDITSCORELEAVEL":"好", "PUBLICCREDIT":"黄灯", "RECEIVABLEPENALTY":0, "DECISION":"无", "NUMD":10, "STORARDLEVELTYPEID":"安全生产标准化达标等级为三级,时间：2017\/12\/01", "CREDITSCORE":100, "OPTID":12485},
{"OPTNAME":"上海振义企业发展有限公司", "CREDITSCORELEAVEL":"好", "PUBLICCREDIT":"绿灯", "RECEIVABLEPENALTY":0, "DECISION":"无", "NUMD":30, "STORARDLEVELTYPEID":"安全生产标准化达标等级为二级,时间：2017\/05\/01", "CREDITSCORE":130, "OPTID":17363},
{"OPTNAME":"上海浦航石油有限公司", "CREDITSCORELEAVEL":"好", "PUBLICCREDIT":"绿灯", "RECEIVABLEPENALTY":-10, "DECISION":"2015-10-29处罚1万元", "NUMD":30, "STORARDLEVELTYPEID":"安全生产标准化达标等级为二级,时间：2016\/12\/30", "CREDITSCORE":120, "OPTID":62},
{"OPTNAME":"世天威化工物流（上海）有限公司", "CREDITSCORELEAVEL":"好", "PUBLICCREDIT":"绿灯", "RECEIVABLEPENALTY":0, "DECISION":"无", "NUMD":15, "STORARDLEVELTYPEID":"安全生产标准化达标等级为三级,时间：2016\/11\/29", "CREDITSCORE":115, "OPTID":39},
{"OPTNAME":"上海浦东伏龙仓储有限公司", "CREDITSCORELEAVEL":"好", "PUBLICCREDIT":"黄灯", "RECEIVABLEPENALTY":0, "DECISION":"无", "NUMD":10, "STORARDLEVELTYPEID":"安全生产标准化达标等级为三级,时间：2017\/12\/30", "CREDITSCORE":110, "OPTID":131},
{"OPTNAME":"上海铁联化轻仓储有限公司", "CREDITSCORELEAVEL":"好", "PUBLICCREDIT":"绿灯", "RECEIVABLEPENALTY":0, "DECISION":"无", "NUMD":10, "STORARDLEVELTYPEID":"安全生产标准化达标等级为三级,时间：2017\/11\/01", "CREDITSCORE":110, "OPTID":38},
{"OPTNAME":"上海东士石油化工有限公司", "CREDITSCORELEAVEL":"好", "PUBLICCREDIT":"绿灯", "RECEIVABLEPENALTY":0, "DECISION":"无", "NUMD":5, "STORARDLEVELTYPEID":"安全生产标准化达标等级为三级,时间：2019\/01\/22", "CREDITSCORE":105, "OPTID":150},
{"OPTNAME":"上海运泽实业有限公司", "CREDITSCORELEAVEL":"好", "PUBLICCREDIT":"绿灯", "RECEIVABLEPENALTY":0, "DECISION":"无", "NUMD":10, "STORARDLEVELTYPEID":"安全生产标准化达标等级为三级,时间：2017\/09\/01", "CREDITSCORE":110, "OPTID":37},
{"OPTNAME":"上海亿升海运仓储有限公司", "CREDITSCORELEAVEL":"好", "PUBLICCREDIT":"绿灯", "RECEIVABLEPENALTY":-10, "DECISION":"2017-10-23处罚4万元", "NUMD":10, "STORARDLEVELTYPEID":"安全生产标准化达标等级为二级,时间：2018\/12\/03", "CREDITSCORE":100, "OPTID":64},
{"OPTNAME":"巴斯夫新材料有限公司", "CREDITSCORELEAVEL":"好", "PUBLICCREDIT":"绿灯", "RECEIVABLEPENALTY":0, "DECISION":"无", "NUMD":20, "STORARDLEVELTYPEID":"安全生产标准化达标等级为二级,时间：2018\/02\/26", "CREDITSCORE":120, "OPTID":91},
{"OPTNAME":"巴斯夫高桥特性化学品（上海）有限公司", "CREDITSCORELEAVEL":"好", "PUBLICCREDIT":"绿灯", "RECEIVABLEPENALTY":0, "DECISION":"无", "NUMD":30, "STORARDLEVELTYPEID":"安全生产标准化达标等级为二级,时间：2016\/12\/31", "CREDITSCORE":130, "OPTID":75},
{"OPTNAME":"立邦涂料（中国）有限公司", "CREDITSCORELEAVEL":"好", "PUBLICCREDIT":"黄灯", "RECEIVABLEPENALTY":-15, "DECISION":"2014-06-10处罚10万元", "NUMD":20, "STORARDLEVELTYPEID":"安全生产标准化达标等级为二级,时间：2018\/02\/26", "CREDITSCORE":105, "OPTID":21409},
{"OPTNAME":"奇华顿食用香精香料(上海)有限公司", "CREDITSCORELEAVEL":"好", "PUBLICCREDIT":"绿灯", "RECEIVABLEPENALTY":0, "DECISION":"无", "NUMD":15, "STORARDLEVELTYPEID":"安全生产标准化达标等级为三级,时间：2017\/01\/02", "CREDITSCORE":115, "OPTID":16102},
{"OPTNAME":"液化空气（上海浦东新区）有限公司", "CREDITSCORELEAVEL":"好", "PUBLICCREDIT":"绿灯", "RECEIVABLEPENALTY":0, "DECISION":"无", "NUMD":5, "STORARDLEVELTYPEID":"安全生产标准化达标等级为三级,时间：2018\/12\/31", "CREDITSCORE":105, "OPTID":48},
{"OPTNAME":"慧瞻材料科技(上海)有限公司", "CREDITSCORELEAVEL":"好", "PUBLICCREDIT":"绿灯", "RECEIVABLEPENALTY":0, "DECISION":"无", "NUMD":10, "STORARDLEVELTYPEID":"安全生产标准化达标等级为三级,时间：2018\/02\/26", "CREDITSCORE":110, "OPTID":3},
{"OPTNAME":"奇华顿日用香精香料（上海）有限公司", "CREDITSCORELEAVEL":"好", "PUBLICCREDIT":"绿灯", "RECEIVABLEPENALTY":0, "DECISION":"无", "NUMD":10, "STORARDLEVELTYPEID":"安全生产标准化达标等级为三级,时间：2017\/11\/01", "CREDITSCORE":110, "OPTID":93},
{"OPTNAME":"上海拱极化学有限公司", "CREDITSCORELEAVEL":"好", "PUBLICCREDIT":"黄灯", "RECEIVABLEPENALTY":0, "DECISION":"无", "NUMD":10, "STORARDLEVELTYPEID":"安全生产标准化达标等级为三级,时间：2017\/12\/01", "CREDITSCORE":110, "OPTID":3455},
{"OPTNAME":"上海元邦化工制造有限公司", "CREDITSCORELEAVEL":"好", "PUBLICCREDIT":"黄灯", "RECEIVABLEPENALTY":-25, "DECISION":"2018-04-11处罚2万元；2016-10-20处罚5万元", "NUMD":20, "STORARDLEVELTYPEID":"安全生产标准化达标等级为二级,时间：2018\/03\/01", "CREDITSCORE":95, "OPTID":3602},
{"OPTNAME":"上海牡丹香精香料有限公司", "CREDITSCORELEAVEL":"好", "PUBLICCREDIT":"绿灯", "RECEIVABLEPENALTY":0, "DECISION":"无", "NUMD":10, "STORARDLEVELTYPEID":"安全生产标准化达标等级为二级,时间：2018\/12\/26", "CREDITSCORE":110, "OPTID":142},
{"OPTNAME":"上海欧利生东邦涂料有限公司", "CREDITSCORELEAVEL":"好", "PUBLICCREDIT":"绿灯", "RECEIVABLEPENALTY":0, "DECISION":"无", "NUMD":20, "STORARDLEVELTYPEID":"安全生产标准化达标等级为二级,时间：2018\/02\/26", "CREDITSCORE":120, "OPTID":11916},
{"OPTNAME":"长谷川香料（上海）有限公司", "CREDITSCORELEAVEL":"好", "PUBLICCREDIT":"绿灯", "RECEIVABLEPENALTY":0, "DECISION":"无", "NUMD":10, "STORARDLEVELTYPEID":"安全生产标准化达标等级为三级,时间：2017\/12\/31", "CREDITSCORE":110, "OPTID":12977},
{"OPTNAME":"上海百润投资控股集团股份有限公司", "CREDITSCORELEAVEL":"好", "PUBLICCREDIT":"绿灯", "RECEIVABLEPENALTY":0, "DECISION":"无", "NUMD":5, "STORARDLEVELTYPEID":"安全生产标准化达标等级为三级,时间：2018\/10\/11", "CREDITSCORE":105, "OPTID":81},
{"OPTNAME":"上海高桥制氧有限公司", "CREDITSCORELEAVEL":"好", "PUBLICCREDIT":"黄灯", "RECEIVABLEPENALTY":-10, "DECISION":"2017-05-03处罚.5万元", "NUMD":5, "STORARDLEVELTYPEID":"安全生产标准化达标等级为三级,时间：2018\/12\/01", "CREDITSCORE":95, "OPTID":16130},
{"OPTNAME":"上海高纯气体有限公司", "CREDITSCORELEAVEL":"好", "PUBLICCREDIT":"绿灯", "RECEIVABLEPENALTY":0, "DECISION":"无", "NUMD":5, "STORARDLEVELTYPEID":"安全生产标准化达标等级为三级,时间：2018\/12\/30", "CREDITSCORE":105, "OPTID":20262},
{"OPTNAME":"上海踏浪精细化工有限公司", "CREDITSCORELEAVEL":"好", "PUBLICCREDIT":"黄灯", "RECEIVABLEPENALTY":-10, "DECISION":"2015-06-04处罚2万元", "NUMD":10, "STORARDLEVELTYPEID":"安全生产标准化达标等级为三级,时间：2017\/12\/30", "CREDITSCORE":100, "OPTID":3627},
{"OPTNAME":"映瑞光电科技（上海）有限公司", "CREDITSCORELEAVEL":"好", "PUBLICCREDIT":"黄灯", "RECEIVABLEPENALTY":-15, "DECISION":"2017-04-17处罚8万元", "NUMD":10, "STORARDLEVELTYPEID":"安全生产标准化达标等级为三级,时间：2017\/08\/01", "CREDITSCORE":95, "OPTID":4903},
{"OPTNAME":"上海上药新亚药业有限公司", "CREDITSCORELEAVEL":"好", "PUBLICCREDIT":"黄灯", "RECEIVABLEPENALTY":0, "DECISION":"无", "NUMD":20, "STORARDLEVELTYPEID":"安全生产标准化达标等级为二级,时间：2018\/05\/03", "CREDITSCORE":120, "OPTID":32},
{"OPTNAME":"上海上药信谊药厂有限公司制药二厂", "CREDITSCORELEAVEL":"好", "PUBLICCREDIT":"绿灯", "RECEIVABLEPENALTY":0, "DECISION":"无", "NUMD":15, "STORARDLEVELTYPEID":"安全生产标准化达标等级为三级,时间：2016\/12\/30", "CREDITSCORE":115, "OPTID":4795},
{"OPTNAME":"上海现代制药股份有限公司", "CREDITSCORELEAVEL":"好", "PUBLICCREDIT":"绿灯", "RECEIVABLEPENALTY":0, "DECISION":"无", "NUMD":15, "STORARDLEVELTYPEID":"安全生产标准化达标等级为三级,时间：2016\/12\/01", "CREDITSCORE":115, "OPTID":14080},
{"OPTNAME":"雅博色彩科技（上海）有限公司", "CREDITSCORELEAVEL":"好", "PUBLICCREDIT":"绿灯", "RECEIVABLEPENALTY":-10, "DECISION":"2015-10-30处罚1万元", "NUMD":15, "STORARDLEVELTYPEID":"安全生产标准化达标等级为三级,时间：2016\/12\/01", "CREDITSCORE":105, "OPTID":11521},
{"OPTNAME":"上海丽珠制药有限公司", "CREDITSCORELEAVEL":"好", "PUBLICCREDIT":"绿灯", "RECEIVABLEPENALTY":0, "DECISION":"无", "NUMD":10, "STORARDLEVELTYPEID":"安全生产标准化达标等级为三级,时间：2018\/02\/26", "CREDITSCORE":110, "OPTID":128},
{"OPTNAME":"上海旭东海普药业有限公司", "CREDITSCORELEAVEL":"好", "PUBLICCREDIT":"绿灯", "RECEIVABLEPENALTY":0, "DECISION":"无", "NUMD":15, "STORARDLEVELTYPEID":"安全生产标准化达标等级为三级,时间：2016\/11\/15", "CREDITSCORE":115, "OPTID":12502},
{"OPTNAME":"上海上药信谊药厂有限公司制药总厂", "CREDITSCORELEAVEL":"好", "PUBLICCREDIT":"绿灯", "RECEIVABLEPENALTY":0, "DECISION":"无", "NUMD":15, "STORARDLEVELTYPEID":"安全生产标准化达标等级为三级,时间：2017\/01\/01", "CREDITSCORE":115, "OPTID":12495},
{"OPTNAME":"中钞油墨有限公司", "CREDITSCORELEAVEL":"好", "PUBLICCREDIT":"绿灯", "RECEIVABLEPENALTY":0, "DECISION":"无", "NUMD":20, "STORARDLEVELTYPEID":"安全生产标准化达标等级为二级,时间：2018\/02\/26", "CREDITSCORE":120, "OPTID":20787},
{"OPTNAME":"上海迪赛诺化学制药有限公司", "CREDITSCORELEAVEL":"好", "PUBLICCREDIT":"绿灯", "RECEIVABLEPENALTY":0, "DECISION":"无", "NUMD":5, "STORARDLEVELTYPEID":"安全生产标准化达标等级为三级,时间：2018\/12\/01", "CREDITSCORE":105, "OPTID":77},
{"OPTNAME":"上海凯密特尔化学品有限公司", "CREDITSCORELEAVEL":"好", "PUBLICCREDIT":"绿灯", "RECEIVABLEPENALTY":0, "DECISION":"无", "NUMD":5, "STORARDLEVELTYPEID":"安全生产标准化达标等级为三级,时间：2018\/12\/01", "CREDITSCORE":105, "OPTID":13084},
{"OPTNAME":"上海上药新亚药业有限公司新先锋制药厂", "CREDITSCORELEAVEL":"好", "PUBLICCREDIT":"绿灯", "RECEIVABLEPENALTY":0, "DECISION":"无", "NUMD":10, "STORARDLEVELTYPEID":"安全生产标准化达标等级为三级,时间：2018\/02\/11", "CREDITSCORE":110, "OPTID":33},
{"OPTNAME":"扬子江药业集团上海海尼药业有限公司", "CREDITSCORELEAVEL":"好", "PUBLICCREDIT":"绿灯", "RECEIVABLEPENALTY":0, "DECISION":"无", "NUMD":15, "STORARDLEVELTYPEID":"安全生产标准化达标等级为三级,时间：2017\/01\/18", "CREDITSCORE":115, "OPTID":11759},
{"OPTNAME":"液化空气（上海）国际贸易有限公司", "CREDITSCORELEAVEL":"好", "PUBLICCREDIT":"绿灯", "RECEIVABLEPENALTY":0, "DECISION":"无", "NUMD":10, "STORARDLEVELTYPEID":"安全生产标准化达标等级为三级,时间：2017\/05\/31", "CREDITSCORE":110, "OPTID":19963},
{"OPTNAME":"卡特彼勒物流（上海）有限公司", "CREDITSCORELEAVEL":"好", "PUBLICCREDIT":"绿灯", "RECEIVABLEPENALTY":0, "DECISION":"无", "NUMD":15, "STORARDLEVELTYPEID":"安全生产标准化达标等级为三级,时间：2016\/12\/01", "CREDITSCORE":115, "OPTID":13628},
{"OPTNAME":"上海沪康工业气体有限公司", "CREDITSCORELEAVEL":"好", "PUBLICCREDIT":"绿灯", "RECEIVABLEPENALTY":0, "DECISION":"无", "NUMD":10, "STORARDLEVELTYPEID":"安全生产标准化达标等级为二级,时间：2018\/12\/01", "CREDITSCORE":110, "OPTID":13},
{"OPTNAME":"上海高桥大同净水材料有限公司", "CREDITSCORELEAVEL":"好", "PUBLICCREDIT":"绿灯", "RECEIVABLEPENALTY":0, "DECISION":"无", "NUMD":0, "STORARDLEVELTYPEID":"无", "CREDITSCORE":100, "OPTID":2916},
{"OPTNAME":"上海征宇反光材料有限公司", "CREDITSCORELEAVEL":"好", "PUBLICCREDIT":"绿灯", "RECEIVABLEPENALTY":0, "DECISION":"无", "NUMD":0, "STORARDLEVELTYPEID":"无", "CREDITSCORE":100, "OPTID":28},
{"OPTNAME":"比欧西气体(苏州)有限公司上海分公司", "CREDITSCORELEAVEL":"好", "PUBLICCREDIT":"绿灯", "RECEIVABLEPENALTY":0, "DECISION":"无", "NUMD":0, "STORARDLEVELTYPEID":"无", "CREDITSCORE":100, "OPTID":10240},
{"OPTNAME":"上海天然气管网有限公司", "CREDITSCORELEAVEL":"好", "PUBLICCREDIT":"绿灯", "RECEIVABLEPENALTY":0, "DECISION":"无", "NUMD":0, "STORARDLEVELTYPEID":"无", "CREDITSCORE":100, "OPTID":116172},
{"OPTNAME":"上海沧海工业气体有限公司", "CREDITSCORELEAVEL":"好", "PUBLICCREDIT":"绿灯", "RECEIVABLEPENALTY":0, "DECISION":"无", "NUMD":0, "STORARDLEVELTYPEID":"无", "CREDITSCORE":100, "OPTID":42},
{"OPTNAME":"巴斯夫催化剂(上海)有限公司", "CREDITSCORELEAVEL":"好", "PUBLICCREDIT":"黄灯", "RECEIVABLEPENALTY":0, "DECISION":"无", "NUMD":0, "STORARDLEVELTYPEID":"无", "CREDITSCORE":100, "OPTID":12513},
{"OPTNAME":"上海世壮新能源科技有限公司", "CREDITSCORELEAVEL":"好", "PUBLICCREDIT":"绿灯", "RECEIVABLEPENALTY":-5, "DECISION":"2016-08-26警告一次", "NUMD":0, "STORARDLEVELTYPEID":"无", "CREDITSCORE":95, "OPTID":3546},
{"OPTNAME":"上海天地涂料有限公司", "CREDITSCORELEAVEL":"好", "PUBLICCREDIT":"绿灯", "RECEIVABLEPENALTY":0, "DECISION":"无", "NUMD":0, "STORARDLEVELTYPEID":"无", "CREDITSCORE":100, "OPTID":10663},
{"OPTNAME":"上海隆澜实业有限公司", "CREDITSCORELEAVEL":"好", "PUBLICCREDIT":"绿灯", "RECEIVABLEPENALTY":0, "DECISION":"无", "NUMD":0, "STORARDLEVELTYPEID":"无", "CREDITSCORE":100, "OPTID":12488},
{"OPTNAME":"日陆物流（上海）有限公司", "CREDITSCORELEAVEL":"好", "PUBLICCREDIT":"绿灯", "RECEIVABLEPENALTY":0, "DECISION":"无", "NUMD":0, "STORARDLEVELTYPEID":"无", "CREDITSCORE":100, "OPTID":3388},
{"OPTNAME":"林德气体（上海）有限公司", "CREDITSCORELEAVEL":"好", "PUBLICCREDIT":"绿灯", "RECEIVABLEPENALTY":0, "DECISION":"无", "NUMD":0, "STORARDLEVELTYPEID":"无", "CREDITSCORE":100, "OPTID":109074},
{"OPTNAME":"上海舜胜高分子有限公司", "CREDITSCORELEAVEL":"好", "PUBLICCREDIT":"黄灯", "RECEIVABLEPENALTY":0, "DECISION":"无", "NUMD":0, "STORARDLEVELTYPEID":"无", "CREDITSCORE":100, "OPTID":108035},
{"OPTNAME":"上海维港精细化工有限公司", "CREDITSCORELEAVEL":"好", "PUBLICCREDIT":"绿灯", "RECEIVABLEPENALTY":0, "DECISION":"无", "NUMD":0, "STORARDLEVELTYPEID":"无", "CREDITSCORE":100, "OPTID":3532},
{"OPTNAME":"上海南汇兴绿精细化工厂", "CREDITSCORELEAVEL":"好", "PUBLICCREDIT":"黄灯", "RECEIVABLEPENALTY":0, "DECISION":"无", "NUMD":0, "STORARDLEVELTYPEID":"无", "CREDITSCORE":100, "OPTID":51},
{"OPTNAME":"上海天汉环境资源有限公司", "CREDITSCORELEAVEL":"好", "PUBLICCREDIT":"绿灯", "RECEIVABLEPENALTY":0, "DECISION":"无", "NUMD":0, "STORARDLEVELTYPEID":"无", "CREDITSCORE":100, "OPTID":107395},
{"OPTNAME":"上海石油天然气有限公司天然气处理厂", "CREDITSCORELEAVEL":"好", "PUBLICCREDIT":"绿灯", "RECEIVABLEPENALTY":0, "DECISION":"无", "NUMD":0, "STORARDLEVELTYPEID":"无", "CREDITSCORE":100, "OPTID":83},
{"OPTNAME":"中国石化销售有限公司上海石油储运配送分公司高桥石油站", "CREDITSCORELEAVEL":"好", "PUBLICCREDIT":"绿灯", "RECEIVABLEPENALTY":0, "DECISION":"无", "NUMD":0, "STORARDLEVELTYPEID":"无", "CREDITSCORE":100, "OPTID":23710},
{"OPTNAME":"上海光和气体工业气体有限公司大团分公司", "CREDITSCORELEAVEL":"好", "PUBLICCREDIT":"绿灯", "RECEIVABLEPENALTY":0, "DECISION":"无", "NUMD":0, "STORARDLEVELTYPEID":"无", "CREDITSCORE":100, "OPTID":9647},
{"OPTNAME":"上海大宛食品有限公司", "CREDITSCORELEAVEL":"好", "PUBLICCREDIT":"红灯", "RECEIVABLEPENALTY":0, "DECISION":"无", "NUMD":0, "STORARDLEVELTYPEID":"无", "CREDITSCORE":100, "OPTID":11647},
{"OPTNAME":"上海鸿盛工业气体有限公司", "CREDITSCORELEAVEL":"好", "PUBLICCREDIT":"绿灯", "RECEIVABLEPENALTY":0, "DECISION":"无", "NUMD":0, "STORARDLEVELTYPEID":"无", "CREDITSCORE":100, "OPTID":12},
{"OPTNAME":"空气化工产品气体（上海）有限公司", "CREDITSCORELEAVEL":"好", "PUBLICCREDIT":"绿灯", "RECEIVABLEPENALTY":0, "DECISION":"无", "NUMD":0, "STORARDLEVELTYPEID":"无", "CREDITSCORE":100, "OPTID":218},
{"OPTNAME":"上海利旦工业气体有限公司", "CREDITSCORELEAVEL":"好", "PUBLICCREDIT":"绿灯", "RECEIVABLEPENALTY":0, "DECISION":"无", "NUMD":0, "STORARDLEVELTYPEID":"无", "CREDITSCORE":100, "OPTID":19},
{"OPTNAME":"上海国际油漆有限公司", "CREDITSCORELEAVEL":"好", "PUBLICCREDIT":"绿灯", "RECEIVABLEPENALTY":0, "DECISION":"无", "NUMD":0, "STORARDLEVELTYPEID":"无", "CREDITSCORE":100, "OPTID":52},
{"OPTNAME":"上海航头工业气体经营部", "CREDITSCORELEAVEL":"好", "PUBLICCREDIT":"绿灯", "RECEIVABLEPENALTY":0, "DECISION":"无", "NUMD":0, "STORARDLEVELTYPEID":"无", "CREDITSCORE":100, "OPTID":18718}]
