[{"OPTNAME":"上海亚远化纺有限公司", "LEGALPERSON":"张增宽", "PUBLICCREDIT":"绿灯", "OPTID":22250},
    {"OPTNAME":"上海振义企业发展有限公司", "LEGALPERSON":"江震", "PUBLICCREDIT":"绿灯", "OPTID":17363},
    {"OPTNAME":"上海日陆外联发物流有限公司", "LEGALPERSON":"林宜煌", "PUBLICCREDIT":"绿灯", "OPTID":5},
    {"OPTNAME":"上海密尔克卫化工储存有限公司", "LEGALPERSON":"江震", "PUBLICCREDIT":"绿灯", "OPTID":3625},
    {"OPTNAME":"日陆物流（上海）有限公司", "LEGALPERSON":"I-HUANG LIN", "PUBLICCREDIT":"绿灯", "OPTID":3388},
    {"OPTNAME":"上海隆澜实业有限公司", "LEGALPERSON":"陶勇义", "PUBLICCREDIT":"绿灯", "OPTID":12488},
    {"OPTNAME":"上海浦航石油有限公司", "LEGALPERSON":"朱传武", "PUBLICCREDIT":"绿灯", "OPTID":62},
    {"OPTNAME":"世天威化工物流（上海）有限公司", "LEGALPERSON":"鲁博健 ", "PUBLICCREDIT":"绿灯", "OPTID":39},
    {"OPTNAME":"上海铁联化轻仓储有限公司", "LEGALPERSON":"胡旭宏", "PUBLICCREDIT":"绿灯", "OPTID":38},
    {"OPTNAME":"上海东士石油化工有限公司", "LEGALPERSON":"沈利德", "PUBLICCREDIT":"绿灯", "OPTID":150},
    {"OPTNAME":"上海运泽实业有限公司", "LEGALPERSON":"袁国锋", "PUBLICCREDIT":"绿灯", "OPTID":37},
    {"OPTNAME":"上海亿升海运仓储有限公司", "LEGALPERSON":"顾宇民", "PUBLICCREDIT":"绿灯", "OPTID":64},
    {"OPTNAME":"中国石化销售有限公司上海石油储运配送分公司高桥石油站", "LEGALPERSON":"戴培革", "PUBLICCREDIT":"绿灯", "OPTID":23710},
    {"OPTNAME":"巴斯夫新材料有限公司", "LEGALPERSON":"DR. STEPHAN KOTHRADE", "PUBLICCREDIT":"绿灯", "OPTID":91},
    {"OPTNAME":"巴斯夫高桥特性化学品（上海）有限公司", "LEGALPERSON":"侯晓明", "PUBLICCREDIT":"绿灯", "OPTID":75},
    {"OPTNAME":"奇华顿食用香精香料(上海)有限公司", "LEGALPERSON":"Georges Sanchez", "PUBLICCREDIT":"绿灯", "OPTID":16102},
    {"OPTNAME":"普莱克斯（上海）半导体气体有限公司", "LEGALPERSON":"陈启华", "PUBLICCREDIT":"绿灯", "OPTID":107},
    {"OPTNAME":"液化空气（上海浦东新区）有限公司", "LEGALPERSON":"阎金平", "PUBLICCREDIT":"绿灯", "OPTID":48},
    {"OPTNAME":"慧瞻材料科技(上海)有限公司", "LEGALPERSON":"Chen TIANNIU", "PUBLICCREDIT":"绿灯", "OPTID":3},
    {"OPTNAME":"上海天汉环境资源有限公司", "LEGALPERSON":"赵连生", "PUBLICCREDIT":"绿灯", "OPTID":107395},
    {"OPTNAME":"盛联精密气体（上海）有限公司", "LEGALPERSON":"唐静洲", "PUBLICCREDIT":"绿灯", "OPTID":12043},
    {"OPTNAME":"奇华顿日用香精香料（上海）有限公司", "LEGALPERSON":"Georges Sanchez", "PUBLICCREDIT":"绿灯", "OPTID":93},
    {"OPTNAME":"上海维港精细化工有限公司", "LEGALPERSON":"黄金军", "PUBLICCREDIT":"绿灯", "OPTID":3532},
    {"OPTNAME":"上海国际油漆有限公司", "LEGALPERSON":"蒋清华", "PUBLICCREDIT":"绿灯", "OPTID":52},
    {"OPTNAME":"上海牡丹香精香料有限公司", "LEGALPERSON":"张敏", "PUBLICCREDIT":"绿灯", "OPTID":142},
    {"OPTNAME":"上海普莱克斯仪电实用气体有限公司", "LEGALPERSON":"陈启华", "PUBLICCREDIT":"绿灯", "OPTID":118},
    {"OPTNAME":"上海鸿盛工业气体有限公司", "LEGALPERSON":"姚丽君", "PUBLICCREDIT":"绿灯", "OPTID":12},
    {"OPTNAME":"上海利旦工业气体有限公司", "LEGALPERSON":"陆新珍", "PUBLICCREDIT":"绿灯", "OPTID":19},
    {"OPTNAME":"上海欧利生东邦涂料有限公司", "LEGALPERSON":"长尾憲忠", "PUBLICCREDIT":"绿灯", "OPTID":11916},
    {"OPTNAME":"上海征宇反光材料有限公司", "LEGALPERSON":"黄征宇  ", "PUBLICCREDIT":"绿灯", "OPTID":28},
    {"OPTNAME":"德之馨（上海）有限公司", "LEGALPERSON":"MATTHEW WILLTAM ROUSE", "PUBLICCREDIT":"绿灯", "OPTID":61},
    {"OPTNAME":"长谷川香料（上海）有限公司", "LEGALPERSON":"成田正人", "PUBLICCREDIT":"绿灯", "OPTID":12977},
    {"OPTNAME":"上海高砂·鉴臣香料有限公司", "LEGALPERSON":"郑丽", "PUBLICCREDIT":"绿灯", "OPTID":119224},
    {"OPTNAME":"上海百润投资控股集团股份有限公司", "LEGALPERSON":"刘晓东", "PUBLICCREDIT":"绿灯", "OPTID":81},
    {"OPTNAME":"比欧西气体(苏州)有限公司上海分公司", "LEGALPERSON":"Theodore  Martin", "PUBLICCREDIT":"绿灯", "OPTID":10240},
    {"OPTNAME":"空气化工产品气体（上海）有限公司", "LEGALPERSON":"HONG KOK MENG   ", "PUBLICCREDIT":"绿灯", "OPTID":218},
    {"OPTNAME":"上海高纯气体有限公司", "LEGALPERSON":"戴建跃", "PUBLICCREDIT":"绿灯", "OPTID":20262},
    {"OPTNAME":"上海天地涂料有限公司", "LEGALPERSON":"朱正国", "PUBLICCREDIT":"绿灯", "OPTID":10663},
    {"OPTNAME":"林德气体（上海）有限公司", "LEGALPERSON":"朱国盛", "PUBLICCREDIT":"绿灯", "OPTID":109074},
    {"OPTNAME":"上海石油天然气有限公司天然气处理厂", "LEGALPERSON":"奚力强", "PUBLICCREDIT":"绿灯", "OPTID":83},
    {"OPTNAME":"上海周浦冷藏有限公司", "LEGALPERSON":"张留根", "PUBLICCREDIT":"绿灯", "OPTID":26719},
    {"OPTNAME":"上海上药信谊药厂有限公司制药二厂", "LEGALPERSON":"顾浩亮", "PUBLICCREDIT":"绿灯", "OPTID":4795},
    {"OPTNAME":"上海现代制药股份有限公司", "LEGALPERSON":"周斌", "PUBLICCREDIT":"绿灯", "OPTID":14080},
    {"OPTNAME":"上海高桥大同净水材料有限公司", "LEGALPERSON":"唐云峰", "PUBLICCREDIT":"绿灯", "OPTID":2916},
    {"OPTNAME":"上海创诺制药有限公司", "LEGALPERSON":"安晓霞", "PUBLICCREDIT":"绿灯", "OPTID":44},
    {"OPTNAME":"雅博色彩科技（上海）有限公司", "LEGALPERSON":"宇德源", "PUBLICCREDIT":"绿灯", "OPTID":11521},
    {"OPTNAME":"上海丽珠制药有限公司", "LEGALPERSON":"陶德胜", "PUBLICCREDIT":"绿灯", "OPTID":128},
    {"OPTNAME":"上海旭东海普药业有限公司", "LEGALPERSON":"姚伟", "PUBLICCREDIT":"绿灯", "OPTID":12502},
    {"OPTNAME":"上海上药信谊药厂有限公司制药总厂", "LEGALPERSON":"毛毅斌", "PUBLICCREDIT":"绿灯", "OPTID":12495},
    {"OPTNAME":"上海庄臣有限公司", "LEGALPERSON":"JAY EDWIN GUELDNER", "PUBLICCREDIT":"绿灯", "OPTID":27},
    {"OPTNAME":"中钞油墨有限公司", "LEGALPERSON":"郭清波", "PUBLICCREDIT":"绿灯", "OPTID":20787},
    {"OPTNAME":"上海迪赛诺化学制药有限公司", "LEGALPERSON":"李金亮", "PUBLICCREDIT":"绿灯", "OPTID":77},
    {"OPTNAME":"上海世壮新能源科技有限公司", "LEGALPERSON":"罗端虎", "PUBLICCREDIT":"绿灯", "OPTID":3546},
    {"OPTNAME":"上海罗氏制药有限公司", "LEGALPERSON":"左敏", "PUBLICCREDIT":"绿灯", "OPTID":2004},
    {"OPTNAME":"上海凯密特尔化学品有限公司", "LEGALPERSON":"MICHAEL JOHN WATSON", "PUBLICCREDIT":"绿灯", "OPTID":13084},
    {"OPTNAME":"上海上药新亚药业有限公司新先锋制药厂", "LEGALPERSON":"曾垂宇", "PUBLICCREDIT":"绿灯", "OPTID":33},
    {"OPTNAME":"扬子江药业集团上海海尼药业有限公司", "LEGALPERSON":"徐镜人", "PUBLICCREDIT":"绿灯", "OPTID":11759},
    {"OPTNAME":"西格玛奥德里奇（上海）贸易有限公司", "LEGALPERSON":"Steve Vermant", "PUBLICCREDIT":"绿灯", "OPTID":67},
    {"OPTNAME":"液化空气（上海）国际贸易有限公司", "LEGALPERSON":"阎金平", "PUBLICCREDIT":"绿灯", "OPTID":19963},
    {"OPTNAME":"上海天然气管网有限公司", "LEGALPERSON":"金东琦", "PUBLICCREDIT":"绿灯", "OPTID":116172},
    {"OPTNAME":"卡特彼勒物流（上海）有限公司", "LEGALPERSON":"段钊", "PUBLICCREDIT":"绿灯", "OPTID":13628},
    {"OPTNAME":"上海光和气体工业气体有限公司大团分公司", "LEGALPERSON":"徐水林", "PUBLICCREDIT":"绿灯", "OPTID":9647},
    {"OPTNAME":"上海沧海工业气体有限公司", "LEGALPERSON":"王军华", "PUBLICCREDIT":"绿灯", "OPTID":42},
    {"OPTNAME":"上海航头工业气体经营部", "LEGALPERSON":"姚建国", "PUBLICCREDIT":"绿灯", "OPTID":18718},
    {"OPTNAME":"上海沪康工业气体有限公司", "LEGALPERSON":" 潘明照  ", "PUBLICCREDIT":"绿灯", "OPTID":13}]
    