[{
        "A1": "2019.0516-9:45",
        "A2": "比欧西气体(苏州)有限公司上海分公司",
        "A3": "高处作业",
        "A4": "13:00-13:30",
        "A5": "曾孟秋",
        "A6": "李兵七",
        "A7": "高风险",
        "A8": "B",
        "B1": "9:45",
        "B2": "曾孟秋",
        "B3": "13917357523",
        "B4": "今天你单位时间：13:00生产车间有二级动火作业，请加强安全管理，相关注意事项提示如下：<br\/>1.动火作业实行作业票制度，由单位负责人签发、批准。<br\/>2.对有爆炸、火灾的危险动火作业，必须制定安全措施。<br\/>......",
        "C1": "9:45",
        "C2": "高军",
        "C3": 13816398283,
        "C4": "今天比欧西气体(苏州)有限公司上海分公司13:00生产车间二级动火作业，请加强安全监管，作业安全注意事项提示如下：<br\/>1.动火作业实行作业票制度，由单位负责人签发、批准。<br\/>2.对有爆炸、火灾的危险动火作业，必须制定安全措施。<br\/>......",
        "D1": "邱继刚",
        "D2": "",
        "D3": "",
        "D4": 0,
        "D5": "高风险",
        "D6": "B",
        "D7": ""
    },
    {
        "A1": "2019.0516-9:45",
        "A2": "映瑞光电科技（上海）有限公司",
        "A3": "高处作业",
        "A4": "13:00-13:30",
        "A5": "边运",
        "A6": "谈昭建",
        "A7": "高风险",
        "A8": "B",
        "B1": "9:45",
        "B2": "边运",
        "B3": "15395055558",
        "B4": "今天你单位时间：13:00生产车间有二级动火作业，请加强安全管理，相关注意事项提示如下：<br\/>1.动火作业实行作业票制度，由单位负责人签发、批准。<br\/>2.对有爆炸、火灾的危险动火作业，必须制定安全措施。<br\/>......",
        "C1": "9:45",
        "C2": "高军",
        "C3": 13816398283,
        "C4": "今天映瑞光电科技（上海）有限公司13:00生产车间二级动火作业，请加强安全监管，作业安全注意事项提示如下：<br\/>1.动火作业实行作业票制度，由单位负责人签发、批准。<br\/>2.对有爆炸、火灾的危险动火作业，必须制定安全措施。<br\/>......",
        "D1": "邱继刚",
        "D2": "高军",
        "D3": "2019-05-23 13:00:00",
        "D4": 1,
        "D5": "高风险",
        "D6": "B",
        "D7": 403169
    },
    {
        "A1": "2019.0516-9:45",
        "A2": "映瑞光电科技（上海）有限公司",
        "A3": "动火作业",
        "A4": "13:00-13:30",
        "A5": "边运",
        "A6": "苏良军",
        "A7": "高风险",
        "A8": "B",
        "B1": "9:45",
        "B2": "边运",
        "B3": "15395055558",
        "B4": "今天你单位时间：13:00生产车间有二级动火作业，请加强安全管理，相关注意事项提示如下：<br\/>1.动火作业实行作业票制度，由单位负责人签发、批准。<br\/>2.对有爆炸、火灾的危险动火作业，必须制定安全措施。<br\/>......",
        "C1": "9:45",
        "C2": "高军",
        "C3": 13816398283,
        "C4": "今天映瑞光电科技（上海）有限公司13:00生产车间二级动火作业，请加强安全监管，作业安全注意事项提示如下：<br\/>1.动火作业实行作业票制度，由单位负责人签发、批准。<br\/>2.对有爆炸、火灾的危险动火作业，必须制定安全措施。<br\/>......",
        "D1": "邱继刚",
        "D2": "高军",
        "D3": "2019-05-23 13:00:00",
        "D4": 1,
        "D5": "高风险",
        "D6": "B",
        "D7": 403188
    },
    {
        "A1": "2019.0516-9:45",
        "A2": "映瑞光电科技（上海）有限公司",
        "A3": "临时用电作业",
        "A4": "13:00-13:30",
        "A5": "边运",
        "A6": "薛海森",
        "A7": "高风险",
        "A8": "B",
        "B1": "9:45",
        "B2": "边运",
        "B3": "15395055558",
        "B4": "今天你单位时间：13:00生产车间有临时用电作业，请加强安全管理，相关注意事项提示如下：<br\/>1.动火作业实行作业票制度，由单位负责人签发、批准。<br\/>2.对有爆炸、火灾的危险动火作业，必须制定安全措施。<br\/>......",
        "C1": "9:45",
        "C2": "高军",
        "C3": 13816398283,
        "C4": "今天映瑞光电科技（上海）有限公司13:00生产车间临时用电作业，请加强安全监管，作业安全注意事项提示如下：<br\/>1.动火作业实行作业票制度，由单位负责人签发、批准。<br\/>2.对有爆炸、火灾的危险动火作业，必须制定安全措施。<br\/>......",
        "D1": "邱继刚",
        "D2": "高军",
        "D3": "2019-05-23 13:00:00",
        "D4": 1,
        "D5": "高风险",
        "D6": "B",
        "D7": 403169
    },
    {
        "A1": "2019.0516-9:45",
        "A2": "立邦涂料（中国）有限公司",
        "A3": "受限空间作业",
        "A4": "13:00-13:30",
        "A5": "程乐明",
        "A6": "庞双兴",
        "A7": "中风险",
        "A8": "C",
        "B1": "9:45",
        "B2": "程乐明",
        "B3": "13971220683",
        "B4": "今天你单位时间：13:00生产车间有受限空间作业，请加强安全管理，相关注意事项提示如下：<br\/>1.动火作业实行作业票制度，由单位负责人签发、批准。<br\/>2.对有爆炸、火灾的危险动火作业，必须制定安全措施。<br\/>......",
        "C1": "9:45",
        "C2": "季广军",
        "C3": 13816398283,
        "C4": "今天立邦涂料（中国）有限公司13:00生产车间受限空间作业，请加强安全监管，作业安全注意事项提示如下：<br\/>1.动火作业实行作业票制度，由单位负责人签发、批准。<br\/>2.对有爆炸、火灾的危险动火作业，必须制定安全措施。<br\/>......",
        "D1": "邱继刚",
        "D2": "",
        "D3": "",
        "D4": 0,
        "D5": "中风险",
        "D6": "C",
        "D7": ""
    },
    {
        "A1": "2019.0516-9:45",
        "A2": "映瑞光电科技（上海）有限公司",
        "A3": "临时用电作业",
        "A4": "13:00-13:30",
        "A5": "边运",
        "A6": "薛海森",
        "A7": "高风险",
        "A8": "B",
        "B1": "9:45",
        "B2": "边运",
        "B3": "15395055558",
        "B4": "今天你单位时间：13:00生产车间有临时用电作业，请加强安全管理，相关注意事项提示如下：<br\/>1.动火作业实行作业票制度，由单位负责人签发、批准。<br\/>2.对有爆炸、火灾的危险动火作业，必须制定安全措施。<br\/>......",
        "C1": "9:45",
        "C2": "高军",
        "C3": 13816398283,
        "C4": "今天映瑞光电科技（上海）有限公司13:00生产车间临时用电作业，请加强安全监管，作业安全注意事项提示如下：<br\/>1.动火作业实行作业票制度，由单位负责人签发、批准。<br\/>2.对有爆炸、火灾的危险动火作业，必须制定安全措施。<br\/>......",
        "D1": "邱继刚",
        "D2": "高军",
        "D3": "2019-05-23 13:00:00",
        "D4": 1,
        "D5": "高风险",
        "D6": "B",
        "D7": 403188
    }
]