[{"OPERATEPOINTNAME":"上海创丰特殊树脂有限公司", "UNDERTAKER":"王鹏飞,金继良", "RECEIVABLEPENALTY":5, "PENALTYTYPENAME":"罚款", "DECISIONDATE":"2016-10-26 09:54:00", "PORID":106242},
    {"OPERATEPOINTNAME":"上海元邦化工制造有限公司", "UNDERTAKER":"王鹏飞,金继良", "RECEIVABLEPENALTY":5, "PENALTYTYPENAME":"罚款", "DECISIONDATE":"2016-10-20 14:11:00", "PORID":106244},
    {"OPERATEPOINTNAME":"上海周浦冷藏有限公司", "UNDERTAKER":"朱军,张富华", "RECEIVABLEPENALTY":5, "PENALTYTYPENAME":"罚款", "DECISIONDATE":"2016-09-29 00:00:00", "PORID":106059},
    {"OPERATEPOINTNAME":"上海世壮新能源科技有限公司", "UNDERTAKER":"杨胜军,王春军", "RECEIVABLEPENALTY":0, "PENALTYTYPENAME":"责令改正、责令限期改正、责令停止违法行为", "DECISIONDATE":"2016-08-26 08:14:00", "PORID":106066},
    {"OPERATEPOINTNAME":"上海蒙明仓储有限公司", "UNDERTAKER":"朱代忠,朱春华", "RECEIVABLEPENALTY":5, "PENALTYTYPENAME":"罚款", "DECISIONDATE":"2016-06-13 14:07:00", "PORID":105561},
    {"OPERATEPOINTNAME":"盛联精密气体（上海）有限公司", "UNDERTAKER":"张卫国,陈宇良", "RECEIVABLEPENALTY":10, "PENALTYTYPENAME":"罚款", "DECISIONDATE":"2016-06-01 13:05:00", "PORID":105399},
    {"OPERATEPOINTNAME":"盛联精密气体（上海）有限公司", "UNDERTAKER":"张卫国,陈宇良", "RECEIVABLEPENALTY":30, "PENALTYTYPENAME":"罚款", "DECISIONDATE":"2016-05-31 09:17:00", "PORID":105398}]
    