[{"OPERATEPOINTNAME":"上海亿升海运仓储有限公司", "UNDERTAKER":"季广军,宋红", "RECEIVABLEPENALTY":4, "PENALTYTYPENAME":"罚款", "DECISIONDATE":"2017-10-23 14:44:00", "PORID":108531},
    {"OPERATEPOINTNAME":"德之馨（上海）有限公司", "UNDERTAKER":"朱代忠,张卫国", "RECEIVABLEPENALTY":3, "PENALTYTYPENAME":"罚款", "DECISIONDATE":"2017-07-25 10:23:00", "PORID":107971},
    {"OPERATEPOINTNAME":"MATTHEW WILLIAM ROUSE", "UNDERTAKER":"朱代忠,张卫国", "RECEIVABLEPENALTY":1, "PENALTYTYPENAME":"罚款", "DECISIONDATE":"2017-07-25 10:02:00", "PORID":107971},
    {"OPERATEPOINTNAME":"德之馨（上海）有限公司", "UNDERTAKER":"朱代忠,张卫国", "RECEIVABLEPENALTY":5, "PENALTYTYPENAME":"罚款", "DECISIONDATE":"2017-07-25 09:47:00", "PORID":107972},
    {"OPERATEPOINTNAME":"上海高砂·鉴臣香料有限公司", "UNDERTAKER":"朱军,张富华", "RECEIVABLEPENALTY":15, "PENALTYTYPENAME":"罚款", "DECISIONDATE":"2017-07-21 00:00:00", "PORID":107854},
    {"OPERATEPOINTNAME":"普莱克斯（上海）半导体气体有限公司", "UNDERTAKER":"张卫国,朱代忠", "RECEIVABLEPENALTY":5, "PENALTYTYPENAME":"罚款", "DECISIONDATE":"2017-07-20 15:06:00", "PORID":107954},
    {"OPERATEPOINTNAME":"上海蒙明仓储有限公司", "UNDERTAKER":"朱军,张富华", "RECEIVABLEPENALTY":1, "PENALTYTYPENAME":"罚款", "DECISIONDATE":"2017-06-12 00:00:00", "PORID":107604},
    {"OPERATEPOINTNAME":"丁家黎", "UNDERTAKER":"朱军,张富华", "RECEIVABLEPENALTY":0.1, "PENALTYTYPENAME":"罚款", "DECISIONDATE":"2017-06-12 00:00:00", "PORID":107604},
    {"OPERATEPOINTNAME":"上海高桥制氧有限公司", "UNDERTAKER":"季广军,宋红", "RECEIVABLEPENALTY":0.5, "PENALTYTYPENAME":"罚款", "DECISIONDATE":"2017-05-03 11:56:00", "PORID":107432},
    {"OPERATEPOINTNAME":"上海双基药业有限公司", "UNDERTAKER":"朱代忠,朱春华", "RECEIVABLEPENALTY":6, "PENALTYTYPENAME":"罚款", "DECISIONDATE":"2017-04-18 10:42:00", "PORID":107298},
    {"OPERATEPOINTNAME":"映瑞光电科技（上海）有限公司", "UNDERTAKER":"朱军,张富华", "RECEIVABLEPENALTY":8, "PENALTYTYPENAME":"罚款", "DECISIONDATE":"2017-04-17 00:00:00", "PORID":107263},
    {"OPERATEPOINTNAME":"上海蒙明仓储有限公司", "UNDERTAKER":"季广军,宋红", "RECEIVABLEPENALTY":10, "PENALTYTYPENAME":"罚款", "DECISIONDATE":"2017-04-05 09:22:00", "PORID":107271}]
    