[
    {
        "OPTNAME": "上海高桥大同净水材料有限公司",
        "HIGHESTRISKLEVEL": "C",
        "BLOCKNAME": "高桥镇",
        "INDUSTRYTYPENAME": "生产加工",
        "OPERATEPOINTID": 2916,
        "ISRISKPIC": 1
    },
    {
        "OPTNAME": "中钞油墨有限公司",
        "HIGHESTRISKLEVEL": "C",
        "BLOCKNAME": "康桥镇",
        "INDUSTRYTYPENAME": "生产加工",
        "OPERATEPOINTID": 20787,
        "ISRISKPIC": 1
    },
    {
        "OPTNAME": "雅博色彩科技（上海）有限公司",
        "HIGHESTRISKLEVEL": "C",
        "BLOCKNAME": "金桥出口加工区",
        "INDUSTRYTYPENAME": "生产加工",
        "OPERATEPOINTID": 11521,
        "ISRISKPIC": 1
    },
    {
        "OPTNAME": "上海航头工业气体经营部",
        "HIGHESTRISKLEVEL": "C",
        "BLOCKNAME": "航头镇",
        "INDUSTRYTYPENAME": "经营服务",
        "OPERATEPOINTID": 18718,
        "ISRISKPIC": 1
    },
    {
        "OPTNAME": "上海上药新亚药业有限公司",
        "HIGHESTRISKLEVEL": "C",
        "BLOCKNAME": "曹路镇",
        "INDUSTRYTYPENAME": "生产加工",
        "OPERATEPOINTID": 32,
        "ISRISKPIC": 1
    },
    {
        "OPTNAME": "西格玛奥德里奇（上海）贸易有限公司",
        "HIGHESTRISKLEVEL": "C",
        "BLOCKNAME": "合庆镇",
        "INDUSTRYTYPENAME": "经营服务",
        "OPERATEPOINTID": 67,
        "ISRISKPIC": 1
    },
    {
        "OPTNAME": "上海稳富实业有限公司",
        "HIGHESTRISKLEVEL": "C",
        "BLOCKNAME": "川沙新镇",
        "INDUSTRYTYPENAME": "经营服务",
        "OPERATEPOINTID": 12485,
        "ISRISKPIC": 0
    },
    {
        "OPTNAME": "上海隆澜实业有限公司",
        "HIGHESTRISKLEVEL": "C",
        "BLOCKNAME": "川沙新镇",
        "INDUSTRYTYPENAME": "经营服务",
        "OPERATEPOINTID": 12488,
        "ISRISKPIC": 0
    },
    {
        "OPTNAME": "上海高桥制氧有限公司",
        "HIGHESTRISKLEVEL": "C",
        "BLOCKNAME": "高桥镇",
        "INDUSTRYTYPENAME": "生产加工",
        "OPERATEPOINTID": 16130,
        "ISRISKPIC": 0
    },
    {
        "OPTNAME": "立邦涂料（中国）有限公司",
        "HIGHESTRISKLEVEL": "C",
        "BLOCKNAME": "唐镇镇",
        "INDUSTRYTYPENAME": "生产加工",
        "OPERATEPOINTID": 21409,
        "ISRISKPIC": 0
    },
    {
        "OPTNAME": "上海浦航石油有限公司",
        "HIGHESTRISKLEVEL": "C",
        "BLOCKNAME": "曹路镇",
        "INDUSTRYTYPENAME": "经营服务",
        "OPERATEPOINTID": 62,
        "ISRISKPIC": 0
    },
    {
        "OPTNAME": "林德气体（上海）有限公司",
        "HIGHESTRISKLEVEL": "C",
        "BLOCKNAME": "金桥镇",
        "INDUSTRYTYPENAME": "生产加工",
        "OPERATEPOINTID": 109074,
        "ISRISKPIC": 0
    },
    {
        "OPTNAME": "上海旭东海普药业有限公司",
        "HIGHESTRISKLEVEL": "C",
        "BLOCKNAME": "金桥镇",
        "INDUSTRYTYPENAME": "生产加工",
        "OPERATEPOINTID": 12502,
        "ISRISKPIC": 0
    },
    {
        "OPTNAME": "上海上药信谊药厂有限公司制药总厂",
        "HIGHESTRISKLEVEL": "C",
        "BLOCKNAME": "金桥镇",
        "INDUSTRYTYPENAME": "生产加工",
        "OPERATEPOINTID": 12495,
        "ISRISKPIC": 0
    },
    {
        "OPTNAME": "比欧西气体(苏州)有限公司上海分公司",
        "HIGHESTRISKLEVEL": "C",
        "BLOCKNAME": "高东镇",
        "INDUSTRYTYPENAME": "生产加工",
        "OPERATEPOINTID": 10240,
        "ISRISKPIC": 0
    },
    {
        "OPTNAME": "上海现代制药股份有限公司",
        "HIGHESTRISKLEVEL": "C",
        "BLOCKNAME": "高东镇",
        "INDUSTRYTYPENAME": "生产加工",
        "OPERATEPOINTID": 14080,
        "ISRISKPIC": 0
    },
    {
        "OPTNAME": "上海牡丹香精香料有限公司",
        "HIGHESTRISKLEVEL": "C",
        "BLOCKNAME": "张江镇",
        "INDUSTRYTYPENAME": "生产加工",
        "OPERATEPOINTID": 142,
        "ISRISKPIC": 0
    },
    {
        "OPTNAME": "上海上药新亚药业有限公司新先锋制药厂",
        "HIGHESTRISKLEVEL": "C",
        "BLOCKNAME": "张江镇",
        "INDUSTRYTYPENAME": "生产加工",
        "OPERATEPOINTID": 33,
        "ISRISKPIC": 0
    },
    {
        "OPTNAME": "上海高砂·鉴臣香料有限公司",
        "HIGHESTRISKLEVEL": "C",
        "BLOCKNAME": "康桥镇",
        "INDUSTRYTYPENAME": "生产加工",
        "OPERATEPOINTID": 119224,
        "ISRISKPIC": 0
    },
    {
        "OPTNAME": "上海百润投资控股集团股份有限公司",
        "HIGHESTRISKLEVEL": "C",
        "BLOCKNAME": "康桥镇",
        "INDUSTRYTYPENAME": "生产加工",
        "OPERATEPOINTID": 81,
        "ISRISKPIC": 0
    },
    {
        "OPTNAME": "扬子江药业集团上海海尼药业有限公司",
        "HIGHESTRISKLEVEL": "C",
        "BLOCKNAME": "周浦镇",
        "INDUSTRYTYPENAME": "生产加工",
        "OPERATEPOINTID": 11759,
        "ISRISKPIC": 0
    },
    {
        "OPTNAME": "上海大宛食品有限公司",
        "HIGHESTRISKLEVEL": "C",
        "BLOCKNAME": "宣桥镇",
        "INDUSTRYTYPENAME": "经营服务",
        "OPERATEPOINTID": 11647,
        "ISRISKPIC": 0
    },
    {
        "OPTNAME": "上海沧海工业气体有限公司",
        "HIGHESTRISKLEVEL": "C",
        "BLOCKNAME": "宣桥镇",
        "INDUSTRYTYPENAME": "生产加工",
        "OPERATEPOINTID": 42,
        "ISRISKPIC": 0
    },
    {
        "OPTNAME": "上海征宇反光材料有限公司",
        "HIGHESTRISKLEVEL": "C",
        "BLOCKNAME": "祝桥镇",
        "INDUSTRYTYPENAME": "生产加工",
        "OPERATEPOINTID": 28,
        "ISRISKPIC": 0
    },
    {
        "OPTNAME": "上海天地涂料有限公司",
        "HIGHESTRISKLEVEL": "C",
        "BLOCKNAME": "祝桥镇",
        "INDUSTRYTYPENAME": "生产加工",
        "OPERATEPOINTID": 10663,
        "ISRISKPIC": 0
    },
    {
        "OPTNAME": "上海光和气体工业气体有限公司大团分公司",
        "HIGHESTRISKLEVEL": "C",
        "BLOCKNAME": "大团镇",
        "INDUSTRYTYPENAME": "经营服务",
        "OPERATEPOINTID": 9647,
        "ISRISKPIC": 0
    },
    {
        "OPTNAME": "上海拱极化学有限公司",
        "HIGHESTRISKLEVEL": "C",
        "BLOCKNAME": "老港镇",
        "INDUSTRYTYPENAME": "生产加工",
        "OPERATEPOINTID": 3455,
        "ISRISKPIC": 0
    },
    {
        "OPTNAME": "上海维港精细化工有限公司",
        "HIGHESTRISKLEVEL": "C",
        "BLOCKNAME": "老港镇",
        "INDUSTRYTYPENAME": "生产加工",
        "OPERATEPOINTID": 3532,
        "ISRISKPIC": 0
    },
    {
        "OPTNAME": "上海南汇兴绿精细化工厂",
        "HIGHESTRISKLEVEL": "C",
        "BLOCKNAME": "老港镇",
        "INDUSTRYTYPENAME": "生产加工",
        "OPERATEPOINTID": 51,
        "ISRISKPIC": 0
    },
    {
        "OPTNAME": "日陆物流（上海）有限公司",
        "HIGHESTRISKLEVEL": "C",
        "BLOCKNAME": "泥城镇",
        "INDUSTRYTYPENAME": "经营服务",
        "OPERATEPOINTID": 3388,
        "ISRISKPIC": 0
    },
    {
        "OPTNAME": "映瑞光电科技（上海）有限公司",
        "HIGHESTRISKLEVEL": "C",
        "BLOCKNAME": "泥城镇",
        "INDUSTRYTYPENAME": "生产加工",
        "OPERATEPOINTID": 4903,
        "ISRISKPIC": 0
    },
    {
        "OPTNAME": "上海日陆外联发物流有限公司",
        "HIGHESTRISKLEVEL": "C",
        "BLOCKNAME": "综合保税区",
        "INDUSTRYTYPENAME": "经营服务",
        "OPERATEPOINTID": 5,
        "ISRISKPIC": 0
    },
    {
        "OPTNAME": "上海国际油漆有限公司",
        "HIGHESTRISKLEVEL": "C",
        "BLOCKNAME": "金桥出口加工区",
        "INDUSTRYTYPENAME": "生产加工",
        "OPERATEPOINTID": 52,
        "ISRISKPIC": 0
    }
]