[{"OPTNAME":"普莱克斯（上海）半导体气体有限公司", "OPERATYPEID":"受限空间作业", "RISK":"B", "RISK1":"高风险", "OPTID":107},
    {"OPTNAME":"上海上药新亚药业有限公司新先锋制药厂", "OPERATYPEID":"受限空间作业", "RISK":"C", "RISK1":"中风险", "OPTID":33},
    {
        "OPTNAME": "立邦涂料（中国）有限公司",
        "OPERATYPEID": "受限空间作业",
        "RISK": "C",
        "RISK1": "中风险",
        "OPTID": 21409
    }]
    