[
    {
        "OPTNAME": "上海沪康工业气体有限公司",
        "OPTID": 13,
        "CURRENTSUPERVISEDPTNAME": "三中队",
        "CURNAME": "安监大队",
        "CUROPT": "季广军",
        "OPPTRESPONSIBLEPERSON": "庄年丰",
        "ALM1": "2019-05-22 09:30:29",
        "ALM2": "2019-05-22 09:30:30"
    },
    {
        "OPTNAME": "上海利旦工业气体有限公司",
        "OPTID": 19,
        "CURRENTSUPERVISEDPTNAME": "四中队",
        "CURNAME": "安监大队",
        "CUROPT": "朱代忠",
        "OPPTRESPONSIBLEPERSON": "吴开龙",
        "ALM1": "2019-05-22 09:30:29",
        "ALM2": "2019-05-22 09:30:30"
    },
    {
        "OPTNAME": "上海丽珠制药有限公司",
        "OPTID": 128,
        "CURRENTSUPERVISEDPTNAME": "六中队",
        "CURNAME": "安监大队",
        "CUROPT": "朱军",
        "OPPTRESPONSIBLEPERSON": "郑道安",
        "ALM1": "2019-05-22 09:30:29",
        "ALM2": "2019-05-22 09:30:30"
    },
    {
        "OPTNAME": "上海东士石油化工有限公司",
        "OPTID": 150,
        "CURRENTSUPERVISEDPTNAME": "一中队",
        "CURNAME": "安监大队",
        "CUROPT": "王鹏飞",
        "OPPTRESPONSIBLEPERSON": "杨雪峰",
        "ALM1": "2019-05-22 09:30:29",
        "ALM2": "2019-05-22 09:30:30"
    },
    {
        "OPTNAME": "上海日陆外联发物流有限公司",
        "OPTID": 5,
        "CURRENTSUPERVISEDPTNAME": "一中队",
        "CURNAME": "安监大队",
        "CUROPT": "王鹏飞",
        "OPPTRESPONSIBLEPERSON": "沈亦颖",
        "ALM1": "2019-05-22 09:30:29",
        "ALM2": "2019-05-22 09:30:30"
    },
    {
        "OPTNAME": "上海鸿盛工业气体有限公司",
        "OPTID": 12,
        "CURRENTSUPERVISEDPTNAME": "一中队",
        "CURNAME": "安监大队",
        "CUROPT": "王鹏飞",
        "OPPTRESPONSIBLEPERSON": "吴春豪",
        "ALM1": "2019-05-22 09:30:29",
        "ALM2": "2019-05-22 09:30:30"
    },
    {
        "OPTNAME": "上海上药新亚药业有限公司",
        "OPTID": 32,
        "CURRENTSUPERVISEDPTNAME": "一中队",
        "CURNAME": "安监大队",
        "CUROPT": "王鹏飞",
        "OPPTRESPONSIBLEPERSON": "施剑勋",
        "ALM1": "2019-05-22 09:30:29",
        "ALM2": "2019-05-22 09:30:30"
    }
]