[{"OPTNAME":"上海天汉环境资源有限公司", "OPERATYPEID":"动火作业", "RISK":"B", "RISK1":"高风险", "OPTID":107395},
    {"OPTNAME":"上海牡丹香精香料有限公司", "OPERATYPEID":"动火作业", "RISK":"C", "RISK1":"中风险", "OPTID":142},
    {"OPTNAME":"德之馨（上海）有限公司", "OPERATYPEID":"动火作业", "RISK":"B", "RISK1":"高风险", "OPTID":61},
    {"OPTNAME":"上海元邦化工制造有限公司", "OPERATYPEID":"动火作业", "RISK":"B", "RISK1":"高风险", "OPTID":3602},
    {"OPTNAME":"映瑞光电科技（上海）有限公司", "OPERATYPEID":"动火作业", "RISK":"B", "RISK1":"高风险", "OPTID":4903}]
    